-- phpMyAdmin SQL Dump
-- version 5.2.1
-- https://www.phpmyadmin.net/
--
-- Host: 127.0.0.1
-- Generation Time: Dec 23, 2023 at 12:40 PM
-- Server version: 10.4.28-MariaDB
-- PHP Version: 8.2.4

SET SQL_MODE = "NO_AUTO_VALUE_ON_ZERO";
START TRANSACTION;
SET time_zone = "+00:00";


/*!40101 SET @OLD_CHARACTER_SET_CLIENT=@@CHARACTER_SET_CLIENT */;
/*!40101 SET @OLD_CHARACTER_SET_RESULTS=@@CHARACTER_SET_RESULTS */;
/*!40101 SET @OLD_COLLATION_CONNECTION=@@COLLATION_CONNECTION */;
/*!40101 SET NAMES utf8mb4 */;

--
-- Database: `irri`
--

-- --------------------------------------------------------

--
-- Table structure for table `city`
--

CREATE TABLE `city` (
  `id` int(5) NOT NULL,
  `countryid` int(5) DEFAULT NULL,
  `stateid` int(5) DEFAULT NULL,
  `cityname` varchar(250) DEFAULT NULL
) ENGINE=InnoDB DEFAULT CHARSET=latin1 COLLATE=latin1_swedish_ci;

--
-- Dumping data for table `city`
--

INSERT INTO `city` (`id`, `countryid`, `stateid`, `cityname`) VALUES
(1, 1, 100, 'K'),
(2, 1, 100, 'T'),
(3, 1, 100, 'F'),
(4, 1, 101, 'E'),
(5, 1, 101, 'D'),
(6, 1, 101, 'M'),
(7, 1, 101, 'C'),
(8, 2, 103, 'A'),
(9, 2, 103, 'B'),
(10, 2, 103, 'G'),
(11, 2, 104, 'O'),
(12, 2, 104, 'H'),
(13, 2, 104, 'I'),
(14, 2, 105, 'J'),
(15, 2, 105, 'N'),
(16, 2, 105, 'L');

-- --------------------------------------------------------

--
-- Table structure for table `countries`
--

CREATE TABLE `countries` (
  `id` int(11) NOT NULL,
  `continent_id` int(11) NOT NULL,
  `country` varchar(255) CHARACTER SET latin1 COLLATE latin1_swedish_ci NOT NULL,
  `creationDate` timestamp NOT NULL DEFAULT current_timestamp()
) ENGINE=InnoDB DEFAULT CHARSET=utf8mb4 COLLATE=utf8mb4_general_ci;

--
-- Dumping data for table `countries`
--

INSERT INTO `countries` (`id`, `continent_id`, `country`, `creationDate`) VALUES
(100, 1, 'Area 1', '2023-09-29 09:04:35'),
(101, 1, 'Area 2', '2023-09-29 09:04:35'),
(103, 2, 'Area 3', '2023-09-29 09:04:35'),
(104, 2, 'Area 4', '2023-09-29 09:04:35'),
(105, 2, 'Area 5', '2023-09-29 09:04:35'),
(106, 3, 'Area A', '2023-09-29 09:04:35'),
(107, 3, 'Area B', '2023-09-29 09:04:35');

-- --------------------------------------------------------

--
-- Table structure for table `country`
--

CREATE TABLE `country` (
  `id` int(5) NOT NULL,
  `countryname` varchar(250) DEFAULT NULL,
  `creationdate` timestamp NULL DEFAULT current_timestamp()
) ENGINE=InnoDB DEFAULT CHARSET=latin1 COLLATE=latin1_swedish_ci;

--
-- Dumping data for table `country`
--

INSERT INTO `country` (`id`, `countryname`, `creationdate`) VALUES
(1, 'East', '2023-09-29 05:58:45'),
(2, 'West', '2023-09-29 05:58:45'),
(3, 'Kitengule', '2023-09-29 05:58:45');

-- --------------------------------------------------------

--
-- Table structure for table `farm`
--

CREATE TABLE `farm` (
  `farmID` int(100) NOT NULL,
  `Farm_Name` varchar(100) NOT NULL,
  `section` char(20) NOT NULL,
  `regime` varchar(20) NOT NULL,
  `Application` int(100) NOT NULL,
  `rainfall` int(100) NOT NULL,
  `evaporation` int(100) NOT NULL,
  `date` timestamp NOT NULL DEFAULT current_timestamp() ON UPDATE current_timestamp(),
  `age` int(20) NOT NULL,
  `trigger_condition` int(255) NOT NULL
) ENGINE=InnoDB DEFAULT CHARSET=utf8mb4 COLLATE=utf8mb4_general_ci;

--
-- Dumping data for table `farm`
--

INSERT INTO `farm` (`farmID`, `Farm_Name`, `section`, `regime`, `Application`, `rainfall`, `evaporation`, `date`, `age`, `trigger_condition`) VALUES
(2, 'AP10A', 'A', 'P', 0, 0, 15, '2023-10-23 07:20:20', 3, 61),
(3, 'AP10B', 'A', 'P', 0, 0, 15, '2023-10-23 07:19:23', 6, 90),
(4, 'AP10C', 'A', 'P', 3, 0, 15, '2023-10-23 07:19:23', 0, 90),
(5, 'AP10D', 'A', 'P', 10, 10, 15, '2023-10-23 07:19:23', 3, 90),
(6, 'AP11A', 'A', 'P', 1, 0, 15, '2023-10-23 07:19:23', 0, 90),
(7, 'AP11B', 'A', 'P', 10, 10, 15, '2023-10-23 07:19:23', 3, 104),
(8, 'AP11C', 'A', 'P', 0, 0, 15, '2023-10-23 07:19:23', 4, 90),
(9, 'AP11D', 'A', 'P', 0, 0, 15, '2023-10-23 07:19:23', 4, 90),
(10, 'AP12A', 'A', 'P', 0, 0, 15, '2023-10-23 07:19:23', 2, 86),
(11, 'AP12B', 'A', 'P', 0, 0, 15, '2023-10-23 07:19:23', 0, 90),
(12, 'AP12C', 'A', 'P', 0, 0, 15, '2023-10-23 07:19:23', 0, 90),
(13, 'AP12D', 'A', 'P', 0, 0, 15, '2023-10-23 07:19:23', 0, 90),
(14, 'AP13A', 'A', 'P', 0, 0, 15, '2023-10-23 07:19:23', 0, 90),
(15, 'AP13B', 'A', 'P', 0, 0, 15, '2023-10-23 07:19:23', 0, 90),
(16, 'AP13C', 'A', 'P', 0, 0, 15, '2023-10-23 07:19:23', 0, 90),
(17, 'AP13D', 'A', 'P', 0, 0, 15, '2023-10-23 07:19:23', 0, 90),
(18, 'AP1A', 'A', 'P', 0, 0, 15, '2023-10-23 07:19:23', 0, 90),
(19, 'AP1B', 'A', 'P', 0, 0, 15, '2023-10-23 07:19:23', 0, 90),
(20, 'AP1C', 'A', 'P', 0, 0, 15, '2023-10-23 07:19:23', 0, 90),
(21, 'AP1D', 'A', 'P', 0, 0, 15, '2023-10-23 07:19:23', 0, 90),
(22, 'AP2A', 'A', 'P', 0, 0, 15, '2023-10-23 07:19:23', 0, 90),
(23, 'AP2B', 'A', 'P', 0, 0, 15, '2023-10-23 07:19:23', 0, 90),
(24, 'AP2C', 'A', 'P', 0, 0, 15, '2023-10-23 07:19:23', 0, 90),
(25, 'AP2D', 'A', 'P', 0, 0, 15, '2023-10-23 07:19:23', 0, 90),
(26, 'AP5A', 'A', 'P', 0, 0, 15, '2023-10-23 07:19:23', 0, 90),
(27, 'AP5B', 'A', 'P', 0, 0, 15, '2023-10-23 07:19:23', 0, 90),
(28, 'AP5C', 'A', 'P', 0, 0, 15, '2023-10-23 07:19:23', 0, 90),
(29, 'AP5D', 'A', 'P', 0, 0, 15, '2023-10-23 07:19:23', 0, 90),
(30, 'AP6A', 'A', 'P', 0, 0, 15, '2023-10-23 07:19:23', 0, 90),
(31, 'AP6B', 'A', 'P', 0, 0, 15, '2023-10-23 07:19:23', 0, 90),
(32, 'AP6C', 'A', 'P', 0, 0, 15, '2023-10-23 07:19:23', 0, 90),
(33, 'AP6D', 'A', 'P', 0, 0, 15, '2023-10-23 07:19:23', 0, 90),
(34, 'AP7A', 'A', 'P', 0, 0, 15, '2023-10-23 07:19:23', 0, 90),
(35, 'AP7B', 'A', 'P', 0, 0, 15, '2023-10-23 07:19:23', 0, 90),
(36, 'AP7C', 'A', 'P', 0, 0, 15, '2023-10-23 07:19:23', 0, 90),
(37, 'AP7D', 'A', 'P', 0, 0, 15, '2023-10-23 07:19:23', 0, 90),
(38, 'AP8A', 'A', 'P', 0, 0, 15, '2023-10-23 07:19:23', 0, 90),
(39, 'AP8B', 'A', 'P', 0, 0, 15, '2023-10-23 07:19:23', 0, 90),
(40, 'AP8C', 'A', 'P', 0, 0, 15, '2023-10-23 07:19:23', 0, 90),
(41, 'AP8D', 'A', 'P', 0, 0, 15, '2023-10-23 07:19:23', 0, 90),
(42, 'AP9A', 'A', 'P', 0, 0, 15, '2023-10-23 07:19:23', 0, 90),
(43, 'AP9B', 'A', 'P', 0, 0, 15, '2023-10-23 07:19:23', 0, 90),
(44, 'AP9C', 'A', 'P', 0, 0, 15, '2023-10-23 07:19:23', 0, 90),
(45, 'AP9D', 'A', 'P', 0, 0, 15, '2023-10-23 07:19:23', 0, 90),
(46, 'AR10B', 'A', 'R', 0, 0, 15, '2023-10-23 07:19:23', 0, 90),
(47, 'AR10E', 'A', 'R', 0, 0, 15, '2023-10-23 07:19:23', 0, 90),
(48, 'AR10F', 'A', 'R', 0, 0, 15, '2023-10-23 07:19:23', 0, 90),
(49, 'AR11B', 'A', 'R', 0, 0, 15, '2023-10-23 07:19:23', 0, 90),
(50, 'AR11D', 'A', 'R', 0, 0, 15, '2023-10-23 07:19:23', 0, 90),
(51, 'AR12B', 'A', 'R', 0, 0, 15, '2023-10-23 07:19:23', 0, 90),
(52, 'AR12C', 'A', 'R', 0, 0, 15, '2023-10-23 07:19:23', 0, 90),
(53, 'AR12D', 'A', 'R', 0, 0, 15, '2023-10-23 07:19:23', 0, 90),
(54, 'AR13A', 'A', 'R', 0, 0, 15, '2023-10-23 07:19:23', 0, 90),
(55, 'AR13B', 'A', 'R', 0, 0, 15, '2023-10-23 07:19:23', 0, 90),
(56, 'AR13D', 'A', 'R', 0, 0, 15, '2023-10-23 07:19:23', 0, 90),
(57, 'AR13E', 'A', 'R', 0, 0, 15, '2023-10-23 07:19:23', 0, 90),
(58, 'AR13F', 'A', 'R', 0, 0, 15, '2023-10-23 07:19:23', 0, 90),
(59, 'AR1a', 'A', 'R', 0, 0, 15, '2023-10-23 07:19:23', 0, 90),
(60, 'AR1B', 'A', 'R', 0, 0, 15, '2023-10-23 07:19:23', 0, 90),
(61, 'AR1C', 'A', 'R', 0, 0, 15, '2023-10-23 07:19:23', 0, 90),
(62, 'AR1D', 'A', 'R', 0, 0, 15, '2023-10-23 07:19:23', 0, 90),
(63, 'AR3D', 'A', 'R', 0, 0, 15, '2023-10-23 07:19:23', 0, 90),
(64, 'AR4D', 'A', 'R', 0, 0, 15, '2023-10-23 07:19:23', 0, 90),
(65, 'AR4E', 'A', 'R', 0, 0, 15, '2023-10-23 07:19:23', 0, 90),
(66, 'AR4F', 'A', 'R', 0, 0, 15, '2023-10-23 07:19:23', 0, 90),
(67, 'AR5D', 'A', 'R', 0, 0, 15, '2023-10-23 07:19:23', 0, 90),
(68, 'AR6B', 'A', 'R', 0, 0, 15, '2023-10-23 07:19:23', 0, 90),
(69, 'AR6C', 'A', 'R', 0, 0, 15, '2023-10-23 07:19:23', 0, 90),
(70, 'AR6D', 'A', 'R', 0, 0, 15, '2023-10-23 07:19:23', 0, 90),
(71, 'AR7A', 'A', 'R', 0, 0, 15, '2023-10-23 07:19:23', 0, 90),
(72, 'AR7D', 'A', 'R', 0, 0, 15, '2023-10-23 07:19:23', 0, 90),
(73, 'AR8B', 'A', 'R', 0, 0, 15, '2023-10-23 07:19:23', 0, 90),
(74, 'AR8C', 'A', 'R', 0, 0, 15, '2023-10-23 07:19:23', 0, 90),
(75, 'AR8D', 'A', 'R', 0, 0, 15, '2023-10-23 07:19:23', 0, 90),
(76, 'AR9C', 'A', 'R', 0, 0, 15, '2023-10-23 07:19:23', 0, 90),
(77, 'BP1A', 'B', 'P', 10, 10, 12, '2023-11-04 07:52:21', 3, 83),
(78, 'BP1B', 'B', 'P', 10, 10, 12, '2023-11-04 07:52:21', 3, 83),
(79, 'BP1C', 'B', 'P', 0, 0, 12, '2023-11-04 07:52:21', 2, 77),
(80, 'BP1D', 'B', 'P', 0, 0, 15, '2023-10-23 07:19:23', 0, 88),
(81, 'BP2A', 'B', 'P', 10, 0, 15, '2023-10-23 07:19:23', 5, 81),
(82, 'BP2B', 'B', 'P', 10, 10, 15, '2023-11-03 08:02:42', 3, 81),
(83, 'BP2C', 'B', 'P', 0, 0, 15, '2023-10-23 07:19:23', 0, 90),
(84, 'BP2D', 'B', 'P', 0, 0, 15, '2023-10-23 07:19:23', 0, 90),
(85, 'BP3A', 'B', 'P', 0, 0, 15, '2023-10-23 07:19:23', 0, 90),
(86, 'BP3B', 'B', 'P', 0, 0, 15, '2023-10-23 07:19:23', 0, 90),
(87, 'BP3C', 'B', 'P', 0, 0, 15, '2023-10-23 07:19:23', 0, 90),
(88, 'BP3D', 'B', 'P', 0, 0, 15, '2023-10-23 07:19:23', 0, 90),
(89, 'BP4A', 'B', 'P', 0, 0, 15, '2023-10-23 07:19:23', 0, 90),
(90, 'BP4B', 'B', 'P', 0, 0, 15, '2023-10-23 07:19:23', 0, 90),
(91, 'BP4C', 'B', 'P', 0, 0, 15, '2023-10-23 07:19:23', 0, 90),
(92, 'BP4D', 'B', 'P', 0, 0, 15, '2023-10-23 07:19:23', 0, 90),
(93, 'BP5A', 'B', 'P', 0, 0, 15, '2023-10-23 07:19:23', 0, 90),
(94, 'BP5B', 'B', 'P', 0, 0, 15, '2023-10-23 07:19:23', 0, 90),
(95, 'BP5C', 'B', 'P', 0, 0, 15, '2023-10-23 07:19:23', 0, 90),
(96, 'BP5D', 'B', 'P', 0, 0, 15, '2023-10-23 07:19:23', 0, 90),
(97, 'BP6A', 'B', 'P', 0, 0, 15, '2023-10-23 07:19:23', 0, 90),
(98, 'BP6B', 'B', 'P', 0, 0, 15, '2023-11-03 08:45:18', 0, 87),
(99, 'BP6C', 'B', 'P', 0, 0, 15, '2023-10-23 07:19:23', 0, 90),
(100, 'BP6D', 'B', 'P', 0, 0, 15, '2023-10-23 07:19:23', 0, 90),
(101, 'BP7A', 'B', 'P', 10, 10, 15, '2023-11-04 07:58:25', 3, 81),
(102, 'BP7B', 'B', 'P', 0, 0, 15, '2023-11-04 07:58:25', 6, 51),
(103, 'BP7C', 'B', 'P', 0, 0, 15, '2023-11-04 07:58:25', 4, 62),
(104, 'BP7D', 'B', 'P', 10, 10, 15, '2023-11-04 07:58:25', 5, 77),
(105, 'BR1A', 'B', 'R', 0, 0, 15, '2023-10-23 07:19:23', 0, 90),
(106, 'BR1B', 'B', 'R', 0, 0, 15, '2023-10-23 07:19:23', 0, 90),
(107, 'BR1C', 'B', 'R', 0, 0, 15, '2023-10-23 07:19:23', 0, 90),
(108, 'BR2A', 'B', 'R', 0, 0, 15, '2023-10-23 07:19:23', 0, 90),
(109, 'BR2B', 'B', 'R', 0, 0, 15, '2023-10-23 07:19:23', 0, 90),
(110, 'BR2C', 'B', 'R', 0, 0, 15, '2023-10-23 07:19:23', 0, 90),
(111, 'BR3B', 'B', 'R', 0, 0, 15, '2023-10-23 07:19:23', 0, 90),
(112, 'BR3C', 'B', 'R', 0, 0, 15, '2023-10-23 07:19:23', 0, 90),
(113, 'BR4A', 'B', 'R', 0, 0, 15, '2023-10-23 07:19:23', 0, 90),
(114, 'BR4B', 'B', 'R', 0, 0, 15, '2023-10-23 07:19:23', 0, 90),
(115, 'BR4C', 'B', 'R', 0, 0, 15, '2023-10-23 07:19:23', 0, 90),
(116, 'BR5A', 'B', 'R', 0, 0, 15, '2023-10-23 07:19:23', 0, 90),
(117, 'BR5B', 'B', 'R', 0, 0, 15, '2023-10-23 07:19:23', 0, 90),
(118, 'BR5C', 'B', 'R', 0, 0, 15, '2023-10-23 07:19:23', 0, 90),
(119, 'BR5D', 'B', 'R', 0, 0, 15, '2023-10-23 07:19:23', 0, 90),
(120, 'BR6A', 'B', 'R', 0, 0, 15, '2023-10-23 07:19:23', 0, 90),
(121, 'BR6B', 'B', 'R', 0, 0, 15, '2023-10-23 07:19:23', 0, 90),
(122, 'BR6d', 'B', 'R', 0, 0, 15, '2023-10-23 07:19:23', 0, 90),
(123, 'BR7A', 'B', 'R', 0, 0, 15, '2023-10-23 07:19:23', 0, 90),
(124, 'BR7B', 'B', 'R', 0, 0, 15, '2023-10-23 07:19:23', 0, 90),
(125, 'BR7C', 'B', 'R', 0, 0, 15, '2023-10-23 07:19:23', 0, 90),
(126, 'BR7D', 'B', 'R', 0, 0, 15, '2023-10-23 07:19:23', 0, 90),
(127, 'C1A', 'C', '', 0, 0, 15, '2023-10-23 07:19:23', 0, 90),
(128, 'CP1A', 'C', 'P', 0, 0, 15, '2023-10-23 07:19:23', 0, 90),
(129, 'CP1B', 'C', 'P', 0, 0, 15, '2023-10-23 07:19:23', 0, 90),
(130, 'CP1C', 'C', 'P', 0, 0, 15, '2023-10-23 07:19:23', 0, 90),
(131, 'CP1D', 'C', 'P', 0, 0, 15, '2023-10-23 07:19:23', 0, 90),
(132, 'CP2A', 'C', 'P', 0, 0, 15, '2023-10-23 07:19:23', 0, 90),
(133, 'CP2B', 'C', 'P', 0, 0, 15, '2023-10-23 07:19:23', 0, 90),
(134, 'CP2C', 'C', 'P', 0, 0, 15, '2023-10-23 07:19:23', 0, 90),
(135, 'CP2D', 'C', 'P', 0, 0, 15, '2023-10-23 07:19:23', 0, 90),
(136, 'CP3A', 'C', 'P', 0, 0, 15, '2023-10-23 07:19:23', 0, 90),
(137, 'CP3B', 'C', 'P', 0, 0, 15, '2023-10-23 07:19:23', 0, 90),
(138, 'CP3C', 'C', 'P', 0, 0, 15, '2023-10-23 07:19:23', 0, 90),
(139, 'CP3D', 'C', 'P', 0, 0, 15, '2023-10-23 07:19:23', 0, 90),
(140, 'CP4A', 'C', 'P', 0, 0, 15, '2023-10-23 07:19:23', 0, 90),
(141, 'CP4B', 'C', 'P', 0, 0, 15, '2023-10-23 07:19:23', 0, 90),
(142, 'CP4C', 'C', 'P', 0, 0, 15, '2023-10-23 07:19:23', 0, 90),
(143, 'CP4D', 'C', 'P', 0, 0, 15, '2023-10-23 07:19:23', 0, 90),
(144, 'CP5A', 'C', 'P', 0, 0, 15, '2023-10-23 07:19:23', 0, 90),
(145, 'CP5B', 'C', 'P', 0, 0, 15, '2023-10-23 07:19:23', 0, 90),
(146, 'CP5C', 'C', 'P', 0, 0, 15, '2023-10-23 07:19:23', 0, 90),
(147, 'CP5D', 'C', 'P', 0, 0, 15, '2023-10-23 07:19:23', 0, 90),
(148, 'CR1A', 'C', 'R', 0, 0, 15, '2023-10-23 07:19:23', 0, 90),
(149, 'CR1D', 'C', 'R', 0, 0, 15, '2023-10-23 07:19:23', 0, 90),
(150, 'CR2A', 'C', 'R', 0, 0, 15, '2023-10-23 07:19:23', 0, 90),
(151, 'CR2B', 'C', 'R', 0, 0, 15, '2023-10-23 07:19:23', 0, 90),
(152, 'CR2C/C8B', 'C', 'R', 0, 0, 15, '2023-10-23 07:19:23', 0, 90),
(153, 'CR2D', 'C', 'R', 0, 0, 15, '2023-10-23 07:19:23', 0, 90),
(154, 'CR3A', 'C', 'R', 0, 0, 15, '2023-10-23 07:19:23', 0, 90),
(155, 'CR3C', 'C', 'R', 0, 0, 15, '2023-10-23 07:19:23', 0, 90),
(156, 'CR3D', 'C', 'R', 0, 0, 15, '2023-10-23 07:19:23', 0, 90),
(157, 'CR4A', 'C', 'R', 0, 0, 15, '2023-10-23 07:19:23', 0, 90),
(158, 'CR4B', 'C', 'R', 0, 0, 15, '2023-10-23 07:19:23', 0, 90),
(159, 'CR4C', 'C', 'R', 0, 0, 15, '2023-10-23 07:19:23', 0, 90),
(160, 'CR4D', 'C', 'R', 0, 0, 15, '2023-10-23 07:19:23', 0, 90),
(161, 'CR5A', 'C', 'R', 0, 0, 15, '2023-10-23 07:19:23', 0, 90),
(162, 'CR5B', 'C', 'R', 0, 0, 15, '2023-10-23 07:19:23', 0, 90),
(163, 'CR5C', 'C', 'R', 0, 0, 15, '2023-10-23 07:19:23', 0, 90),
(164, 'CR5D', 'C', 'R', 0, 0, 15, '2023-10-23 07:19:23', 0, 90),
(165, 'D23B', 'D', '', 0, 0, 15, '2023-10-23 07:19:23', 0, 90),
(166, 'DP10A', 'D', 'P', 0, 0, 15, '2023-10-23 07:19:23', 0, 88),
(167, 'DP10B', 'D', 'P', 0, 0, 15, '2023-10-23 07:19:23', 0, 90),
(168, 'DP10C', 'D', 'P', 0, 0, 15, '2023-10-23 07:19:23', 0, 90),
(169, 'DP10D', 'D', 'P', 0, 0, 15, '2023-10-23 07:19:23', 0, 90),
(170, 'DP1A', 'D', 'P', 0, 0, 15, '2023-10-23 07:19:23', 0, 90),
(171, 'DP1B', 'D', 'P', 0, 0, 15, '2023-10-23 07:19:23', 0, 90),
(172, 'DP1C', 'D', 'P', 0, 0, 15, '2023-10-23 07:19:23', 0, 90),
(173, 'DP1D', 'D', 'P', 0, 0, 15, '2023-10-23 07:19:23', 0, 90),
(174, 'DP2A', 'D', 'P', 0, 0, 15, '2023-10-23 07:19:23', 0, 90),
(175, 'DP2B', 'D', 'P', 0, 0, 15, '2023-10-23 07:19:23', 0, 90),
(176, 'DP2C', 'D', 'P', 0, 0, 15, '2023-10-23 07:19:23', 0, 90),
(177, 'DP2D', 'D', 'P', 0, 0, 15, '2023-10-23 07:19:23', 0, 90),
(178, 'DP3A', 'D', 'P', 0, 0, 15, '2023-10-23 07:19:23', 0, 90),
(179, 'DP3B', 'D', 'P', 0, 0, 15, '2023-10-23 07:19:23', 0, 90),
(180, 'DP3C', 'D', 'P', 0, 0, 15, '2023-10-23 07:19:23', 0, 90),
(181, 'DP3D', 'D', 'P', 0, 0, 15, '2023-10-23 07:19:23', 0, 90),
(182, 'DP4A', 'D', 'P', 0, 0, 15, '2023-10-23 07:19:23', 0, 90),
(183, 'DP4B', 'D', 'P', 0, 0, 15, '2023-10-23 07:19:23', 0, 90),
(184, 'DP4C', 'D', 'P', 0, 0, 15, '2023-10-23 07:19:23', 0, 90),
(185, 'DP4D', 'D', 'P', 0, 0, 15, '2023-10-23 07:19:23', 0, 90),
(186, 'DP5A', 'D', 'P', 0, 0, 15, '2023-10-23 07:19:23', 0, 90),
(187, 'DP5B', 'D', 'P', 0, 0, 15, '2023-10-23 07:19:23', 0, 90),
(188, 'DP5C', 'D', 'P', 0, 0, 15, '2023-10-23 07:19:23', 0, 90),
(189, 'DP5D', 'D', 'P', 0, 0, 15, '2023-10-23 07:19:23', 0, 90),
(190, 'DP6A', 'D', 'P', 0, 0, 15, '2023-10-23 07:19:23', 0, 90),
(191, 'DP6B', 'D', 'P', 0, 0, 15, '2023-10-23 07:19:23', 0, 90),
(192, 'DP6C', 'D', 'P', 0, 0, 15, '2023-10-23 07:19:23', 0, 90),
(193, 'DP6D', 'D', 'P', 0, 0, 15, '2023-10-23 07:19:23', 0, 90),
(194, 'DP7A', 'D', 'P', 0, 0, 15, '2023-10-23 07:19:23', 0, 90),
(195, 'DP7B', 'D', 'P', 0, 0, 15, '2023-10-23 07:19:23', 0, 90),
(196, 'DP7C', 'D', 'P', 0, 0, 15, '2023-10-23 07:19:23', 0, 90),
(197, 'DP7D', 'D', 'P', 0, 0, 15, '2023-10-23 07:19:23', 0, 90),
(198, 'DP8A', 'D', 'P', 0, 0, 15, '2023-10-23 07:19:23', 0, 90),
(199, 'DP8B', 'D', 'P', 0, 0, 15, '2023-10-23 07:19:23', 0, 90),
(200, 'DP8C', 'D', 'P', 0, 0, 15, '2023-10-23 07:19:23', 0, 90),
(201, 'DP8D', 'D', 'P', 0, 0, 15, '2023-10-23 07:19:23', 0, 90),
(202, 'DP9AB', 'D', 'P', 10, 10, 15, '2023-10-23 07:19:23', 0, 90),
(203, 'DP9CD', 'D', 'P', 0, 0, 15, '2023-10-23 07:19:23', 0, 90),
(204, 'DR10A', 'D', 'R', 0, 0, 15, '2023-10-23 07:19:23', 0, 90),
(205, 'DR10B', 'D', 'R', 0, 0, 15, '2023-10-23 07:19:23', 0, 90),
(206, 'DR10C', 'D', 'R', 0, 0, 15, '2023-10-23 07:19:23', 0, 90),
(207, 'DR10D', 'D', 'R', 0, 0, 15, '2023-10-23 07:19:23', 0, 90),
(208, 'DR10E', 'D', 'R', 0, 0, 15, '2023-10-23 07:19:23', 0, 90),
(209, 'DR1A', 'D', 'R', 0, 0, 15, '2023-10-23 07:19:23', 0, 90),
(210, 'DR1D', 'D', 'R', 0, 0, 15, '2023-10-23 07:19:23', 0, 90),
(211, 'DR2A', 'D', 'R', 0, 0, 15, '2023-10-23 07:19:23', 0, 90),
(212, 'DR2B', 'D', 'R', 0, 0, 15, '2023-10-23 07:19:23', 0, 90),
(213, 'DR2C', 'D', 'R', 0, 0, 15, '2023-10-23 07:19:23', 0, 90),
(214, 'DR2D', '', '', 0, 0, 15, '2023-10-23 07:19:23', 0, 90),
(215, 'DR3A', '', '', 0, 0, 15, '2023-10-23 07:19:23', 0, 90),
(216, 'DR3B', '', '', 0, 0, 15, '2023-10-23 07:19:23', 0, 90),
(217, 'DR3C', '', '', 0, 0, 15, '2023-10-23 07:19:23', 0, 90),
(218, 'DR3D', '', '', 0, 0, 15, '2023-10-23 07:19:23', 0, 90),
(219, 'DR3E', '', '', 0, 0, 15, '2023-10-23 07:19:23', 0, 90),
(220, 'DR4A', '', '', 0, 0, 15, '2023-10-23 07:19:23', 0, 90),
(221, 'DR4C', '', '', 0, 0, 15, '2023-10-23 07:19:23', 0, 90),
(222, 'DR4D', '', '', 0, 0, 15, '2023-10-23 07:19:23', 0, 90),
(223, 'DR5A', '', '', 0, 0, 15, '2023-10-23 07:19:23', 0, 90),
(224, 'DR5B', '', '', 0, 0, 15, '2023-10-23 07:19:23', 0, 90),
(225, 'DR5C', '', '', 0, 0, 15, '2023-10-23 07:19:23', 0, 90),
(226, 'DR5D', '', '', 0, 0, 15, '2023-10-23 07:19:23', 0, 90),
(227, 'DR6A', '', '', 0, 0, 15, '2023-10-23 07:19:23', 0, 90),
(228, 'DR6B', '', '', 0, 0, 15, '2023-10-23 07:19:23', 0, 90),
(229, 'DR6C', '', '', 0, 0, 15, '2023-10-23 07:19:23', 0, 90),
(230, 'DR6D', '', '', 0, 0, 15, '2023-10-23 07:19:23', 0, 90),
(231, 'DR7A', '', '', 0, 0, 15, '2023-10-23 07:19:23', 0, 90),
(232, 'DR7C', '', '', 0, 0, 15, '2023-10-23 07:19:23', 0, 90),
(233, 'DR7D', '', '', 0, 0, 15, '2023-10-23 07:19:23', 0, 90),
(234, 'DR8A', '', '', 0, 0, 15, '2023-10-23 07:19:23', 0, 90),
(235, 'DR8B', '', '', 0, 0, 15, '2023-10-23 07:19:23', 0, 90),
(236, 'DR8C', '', '', 0, 0, 15, '2023-10-23 07:19:23', 0, 90),
(237, 'DR8D', '', '', 0, 0, 15, '2023-10-23 07:19:23', 0, 90),
(238, 'DR9B', '', '', 0, 0, 15, '2023-10-23 07:19:23', 0, 90),
(239, 'EO11', '', '', 0, 0, 15, '2023-10-23 07:19:23', 0, 90),
(240, 'E16A', '', '', 0, 0, 15, '2023-10-23 07:19:23', 0, 90),
(241, 'E6A', '', '', 0, 0, 15, '2023-10-23 07:19:23', 0, 90),
(242, 'E6B', '', '', 0, 0, 15, '2023-10-23 07:19:23', 0, 90),
(243, 'EO1A', '', '', 0, 0, 15, '2023-10-23 07:19:23', 0, 90),
(244, 'EO1B', '', '', 0, 0, 15, '2023-10-23 07:19:23', 0, 90),
(245, 'EP10A', '', '', 0, 0, 15, '2023-10-23 07:19:23', 0, 90),
(246, 'EP10B', '', '', 0, 0, 15, '2023-10-23 07:19:23', 0, 90),
(247, 'EP10C', '', '', 0, 0, 15, '2023-10-23 07:19:23', 0, 90),
(248, 'EP10D', '', '', 0, 0, 15, '2023-10-23 07:19:23', 0, 90),
(249, 'EP11A', '', '', 0, 0, 15, '2023-10-23 07:19:23', 0, 90),
(250, 'EP11B', '', '', 0, 0, 15, '2023-10-23 07:19:23', 0, 90),
(251, 'EP11C', '', '', 0, 0, 15, '2023-10-23 07:19:23', 0, 90),
(252, 'EP11D', '', '', 0, 0, 15, '2023-10-23 07:19:23', 0, 90),
(253, 'EP12A', '', '', 0, 0, 15, '2023-10-23 07:19:23', 0, 90),
(254, 'EP12B', '', '', 0, 0, 15, '2023-10-23 07:19:23', 0, 90),
(255, 'EP12C', '', '', 0, 0, 15, '2023-10-23 07:19:23', 0, 90),
(256, 'EP12D', '', '', 0, 0, 15, '2023-10-23 07:19:23', 0, 90),
(257, 'EP1A', '', '', 0, 0, 15, '2023-10-23 07:19:23', 0, 90),
(258, 'EP1B', '', '', 0, 0, 15, '2023-10-23 07:19:23', 0, 90),
(259, 'EP1C', '', '', 0, 0, 15, '2023-10-23 07:19:23', 0, 90),
(260, 'EP1D', '', '', 0, 0, 15, '2023-10-23 07:19:23', 0, 90),
(261, 'EP2A', '', '', 0, 0, 15, '2023-10-23 07:19:23', 0, 90),
(262, 'EP2B', '', '', 0, 0, 15, '2023-10-23 07:19:23', 0, 90),
(263, 'EP2C', '', '', 0, 0, 15, '2023-10-23 07:19:23', 0, 90),
(264, 'EP2D', '', '', 0, 0, 15, '2023-10-23 07:19:23', 0, 90),
(265, 'EP3A', '', '', 0, 0, 15, '2023-10-23 07:19:23', 0, 90),
(266, 'EP3B', '', '', 0, 0, 15, '2023-10-23 07:19:23', 0, 90),
(267, 'EP3C', '', '', 0, 0, 15, '2023-10-23 07:19:23', 0, 90),
(268, 'EP3D', '', '', 0, 0, 15, '2023-10-23 07:19:23', 0, 90),
(269, 'EP4A', '', '', 0, 0, 15, '2023-10-23 07:19:23', 0, 90),
(270, 'EP4B', '', '', 0, 0, 15, '2023-10-23 07:19:23', 0, 90),
(271, 'EP4C', '', '', 0, 0, 15, '2023-10-23 07:19:23', 0, 90),
(272, 'EP4D', '', '', 0, 0, 15, '2023-10-23 07:19:23', 0, 90),
(273, 'EP4D', '', '', 0, 0, 15, '2023-10-23 07:19:23', 0, 90),
(274, 'EP5A', '', '', 0, 0, 15, '2023-10-23 07:19:23', 0, 90),
(275, 'EP5b', '', '', 0, 0, 15, '2023-10-23 07:19:23', 0, 90),
(276, 'EP5C', '', '', 0, 0, 15, '2023-10-23 07:19:23', 0, 90),
(277, 'EP5C', '', '', 0, 0, 15, '2023-10-23 07:19:23', 0, 90),
(278, 'EP5D', '', '', 0, 0, 15, '2023-10-23 07:19:23', 0, 90),
(279, 'EP6A', '', '', 0, 0, 15, '2023-10-23 07:19:23', 0, 90),
(280, 'EP6B', '', '', 0, 0, 15, '2023-10-23 07:19:23', 0, 90),
(281, 'EP6C', '', '', 0, 0, 15, '2023-10-23 07:19:23', 0, 90),
(282, 'EP6D', '', '', 0, 0, 15, '2023-10-23 07:19:23', 0, 90),
(283, 'EP7A', '', '', 0, 0, 15, '2023-10-23 07:19:23', 0, 90),
(284, 'EP7B', '', '', 0, 0, 15, '2023-10-23 07:19:23', 0, 90),
(285, 'EP7C', '', '', 0, 0, 15, '2023-10-23 07:19:23', 0, 90),
(286, 'EP7D', '', '', 0, 0, 15, '2023-10-23 07:19:23', 0, 90),
(287, 'EP8A', '', '', 0, 0, 15, '2023-10-23 07:19:23', 0, 90),
(288, 'EP8B', '', '', 0, 0, 15, '2023-10-23 07:19:23', 0, 90),
(289, 'EP8C', '', '', 0, 0, 15, '2023-10-23 07:19:23', 0, 90),
(290, 'EP8D', '', '', 0, 0, 15, '2023-10-23 07:19:23', 0, 90),
(291, 'EP9A', '', '', 0, 0, 15, '2023-10-23 07:19:23', 0, 90),
(292, 'EP9B', '', '', 0, 0, 15, '2023-10-23 07:19:23', 0, 90),
(293, 'EP9C', '', '', 0, 0, 15, '2023-10-23 07:19:23', 0, 90),
(294, 'EP9D', '', '', 0, 0, 15, '2023-10-23 07:19:23', 0, 90),
(295, 'ER10C', '', '', 0, 0, 15, '2023-10-23 07:19:23', 0, 90),
(296, 'ER10D', '', '', 0, 0, 15, '2023-10-23 07:19:23', 0, 90),
(297, 'ER11AB', '', '', 0, 0, 15, '2023-10-23 07:19:23', 0, 90),
(298, 'ER12A', '', '', 0, 0, 15, '2023-10-23 07:19:23', 0, 90),
(299, 'ER12B', '', '', 0, 0, 15, '2023-10-23 07:19:23', 0, 90),
(300, 'ER12C', '', '', 0, 0, 15, '2023-10-23 07:19:23', 0, 90),
(301, 'ER12D', '', '', 0, 0, 15, '2023-10-23 07:19:23', 0, 90),
(302, 'ER1A', '', '', 0, 0, 15, '2023-10-23 07:19:23', 0, 90),
(303, 'ER1B', '', '', 0, 0, 15, '2023-10-23 07:19:23', 0, 90),
(304, 'ER2A', '', '', 0, 0, 15, '2023-10-23 07:19:23', 0, 90),
(305, 'ER2B', '', '', 0, 0, 15, '2023-10-23 07:19:23', 0, 90),
(306, 'ER2D', '', '', 0, 0, 15, '2023-10-23 07:19:23', 0, 90),
(307, 'ER3A', '', '', 0, 0, 15, '2023-10-23 07:19:23', 0, 90),
(308, 'ER3B', '', '', 0, 0, 15, '2023-10-23 07:19:23', 0, 90),
(309, 'ER3C', '', '', 0, 0, 15, '2023-10-23 07:19:23', 0, 90),
(310, 'ER3D', '', '', 0, 0, 15, '2023-10-23 07:19:23', 0, 90),
(311, 'ER4C', '', '', 0, 0, 15, '2023-10-23 07:19:23', 0, 90),
(312, 'ER4D', '', '', 0, 0, 15, '2023-10-23 07:19:23', 0, 90),
(313, 'ER5A', '', '', 0, 0, 15, '2023-10-23 07:19:23', 0, 90),
(314, 'ER5B', '', '', 0, 0, 15, '2023-10-23 07:19:23', 0, 90),
(315, 'ER6B', '', '', 0, 0, 15, '2023-10-23 07:19:23', 0, 90),
(316, 'ER5D', '', '', 0, 0, 15, '2023-10-23 07:19:23', 0, 90),
(317, 'ER6A', '', '', 0, 0, 15, '2023-10-23 07:19:23', 0, 90),
(318, 'ER6C', '', '', 0, 0, 15, '2023-10-23 07:19:23', 0, 90),
(319, 'ER6D', '', '', 0, 0, 15, '2023-10-23 07:19:23', 0, 90),
(320, 'ER7A', '', '', 0, 0, 15, '2023-10-23 07:19:23', 0, 90),
(321, 'ER7B', '', '', 0, 0, 15, '2023-10-23 07:19:23', 0, 90),
(322, 'ER7C', '', '', 0, 0, 15, '2023-10-23 07:19:23', 0, 90),
(323, 'ER7D', '', '', 0, 0, 15, '2023-10-23 07:19:23', 0, 90),
(324, 'ER8A', '', '', 0, 0, 15, '2023-10-23 07:19:23', 0, 90),
(325, 'ER8B', '', '', 0, 0, 15, '2023-10-23 07:19:23', 0, 90),
(326, 'ER8C', '', '', 0, 0, 15, '2023-10-23 07:19:23', 0, 90),
(327, 'ER8D', '', '', 0, 0, 15, '2023-10-23 07:19:23', 0, 90),
(328, 'ER9A', '', '', 0, 0, 15, '2023-10-23 07:19:23', 0, 90),
(329, 'ER9B', '', '', 0, 0, 15, '2023-10-23 07:19:23', 0, 90),
(330, 'ER9C', '', '', 0, 0, 15, '2023-10-23 07:19:23', 0, 90),
(331, 'ER9D', '', '', 0, 0, 15, '2023-10-23 07:19:23', 0, 90),
(332, 'FO2A', '', '', 0, 0, 15, '2023-10-23 07:19:23', 0, 90),
(333, 'F24A', '', '', 0, 0, 15, '2023-10-23 07:19:23', 0, 90),
(334, 'F24B', '', '', 0, 0, 15, '2023-10-23 07:19:23', 0, 90),
(335, 'F25A', '', '', 0, 0, 15, '2023-10-23 07:19:23', 0, 90),
(336, 'F25B', '', '', 0, 0, 15, '2023-10-23 07:19:23', 0, 90),
(337, 'F29C', '', '', 0, 0, 15, '2023-10-23 07:19:23', 0, 90),
(338, 'F29D', '', '', 0, 0, 15, '2023-10-23 07:19:23', 0, 90),
(339, 'F2B', '', '', 0, 0, 15, '2023-10-23 07:19:23', 0, 90),
(340, 'FO27ab', '', '', 0, 0, 15, '2023-10-23 07:19:23', 0, 90),
(341, 'FO2B', '', '', 0, 0, 15, '2023-10-23 07:19:23', 0, 90),
(342, 'FP10A', '', '', 0, 0, 15, '2023-10-23 07:19:23', 0, 90),
(343, 'FP10B', '', '', 0, 0, 15, '2023-10-23 07:19:23', 0, 90),
(344, 'FP10C', '', '', 0, 0, 15, '2023-10-23 07:19:23', 0, 90),
(345, 'FP10D', '', '', 0, 0, 15, '2023-10-23 07:19:23', 0, 90),
(346, 'FP11A', '', '', 0, 0, 15, '2023-10-23 07:19:23', 0, 90),
(347, 'FP11B', '', '', 0, 0, 15, '2023-10-23 07:19:23', 0, 90),
(348, 'FP11C', '', '', 0, 0, 15, '2023-10-23 07:19:23', 0, 90),
(349, 'FP11D', '', '', 0, 0, 15, '2023-10-23 07:19:23', 0, 90),
(350, 'FP12A', '', '', 0, 0, 15, '2023-10-23 07:19:23', 0, 90),
(351, 'FP12B', '', '', 0, 0, 15, '2023-10-23 07:19:23', 0, 90),
(352, 'FP12C', '', '', 0, 0, 15, '2023-10-23 07:19:23', 0, 90),
(353, 'FP12D', '', '', 0, 0, 15, '2023-10-23 07:19:23', 0, 90),
(354, 'FP13A', '', '', 0, 0, 15, '2023-10-23 07:19:23', 0, 90),
(355, 'FP13B', '', '', 0, 0, 15, '2023-10-23 07:19:23', 0, 90),
(356, 'FP13C', '', '', 0, 0, 15, '2023-10-23 07:19:23', 0, 90),
(357, 'FP13D', '', '', 0, 0, 15, '2023-10-23 07:19:23', 0, 90),
(358, 'FP1A', '', '', 0, 0, 15, '2023-10-23 07:19:23', 0, 90),
(359, 'FP1B', '', '', 0, 0, 15, '2023-10-23 07:19:23', 0, 90),
(360, 'FP1C', '', '', 0, 0, 15, '2023-10-23 07:19:23', 0, 90),
(361, 'FP1D', '', '', 0, 0, 15, '2023-10-23 07:19:23', 0, 90),
(362, 'FP2A', '', '', 0, 0, 15, '2023-10-23 07:19:23', 0, 90),
(363, 'FP2B', '', '', 0, 0, 15, '2023-10-23 07:19:23', 0, 90),
(364, 'FP2C', '', '', 0, 0, 15, '2023-10-23 07:19:23', 0, 90),
(365, 'FP2D', '', '', 0, 0, 15, '2023-10-23 07:19:23', 0, 90),
(366, 'FP3A', '', '', 0, 0, 15, '2023-10-23 07:19:23', 0, 90),
(367, 'FP3B', '', '', 0, 0, 15, '2023-10-23 07:19:23', 0, 90),
(368, 'FP3C', '', '', 0, 0, 15, '2023-10-23 07:19:23', 0, 90),
(369, 'FP3D', '', '', 0, 0, 15, '2023-10-23 07:19:23', 0, 90),
(370, 'FP4A', '', '', 0, 0, 15, '2023-10-23 07:19:23', 0, 90),
(371, 'FP4B', '', '', 0, 0, 15, '2023-10-23 07:19:23', 0, 90),
(372, 'FP4C', '', '', 0, 0, 15, '2023-10-23 07:19:23', 0, 90),
(373, 'FP4D', '', '', 0, 0, 15, '2023-10-23 07:19:23', 0, 90),
(374, 'FP5A', '', '', 0, 0, 15, '2023-10-23 07:19:23', 0, 90),
(375, 'FP5B', '', '', 0, 0, 15, '2023-10-23 07:19:23', 0, 90),
(376, 'FP5C', '', '', 0, 0, 15, '2023-10-23 07:19:23', 0, 90),
(377, 'FP5D', '', '', 0, 0, 15, '2023-10-23 07:19:23', 0, 90),
(378, 'FP6A', '', '', 0, 0, 15, '2023-10-23 07:19:23', 0, 90),
(379, 'FP6B', '', '', 0, 0, 15, '2023-10-23 07:19:23', 0, 90),
(380, 'FP6C', '', '', 0, 0, 15, '2023-10-23 07:19:23', 0, 90),
(381, 'FP6D', '', '', 0, 0, 15, '2023-10-23 07:19:23', 0, 90),
(382, 'FP7A', '', '', 0, 0, 15, '2023-10-23 07:19:23', 0, 90),
(383, 'FP7B', '', '', 0, 0, 15, '2023-10-23 07:19:23', 0, 90),
(384, 'FP7C', '', '', 0, 0, 15, '2023-10-23 07:19:23', 0, 90),
(385, 'FP7D', '', '', 0, 0, 15, '2023-10-23 07:19:23', 0, 90),
(386, 'FP8A', '', '', 0, 0, 15, '2023-10-23 07:19:23', 0, 90),
(387, 'FP8B', '', '', 0, 0, 15, '2023-10-23 07:19:23', 0, 90),
(388, 'FP8C', '', '', 0, 0, 15, '2023-10-23 07:19:23', 0, 90),
(389, 'FP8D', '', '', 0, 0, 15, '2023-10-23 07:19:23', 0, 90),
(390, 'FP9A', '', '', 0, 0, 15, '2023-10-23 07:19:23', 0, 90),
(391, 'FP9B', '', '', 0, 0, 15, '2023-10-23 07:19:23', 0, 90),
(392, 'FP9C', '', '', 0, 0, 15, '2023-10-23 07:19:23', 0, 90),
(393, 'FP9D', '', '', 0, 0, 15, '2023-10-23 07:19:23', 0, 90),
(394, 'FR10A', '', '', 0, 0, 15, '2023-10-23 07:19:23', 0, 90),
(395, 'FR10B', '', '', 0, 0, 15, '2023-10-23 07:19:23', 0, 90),
(396, 'FR11A', '', '', 0, 0, 15, '2023-10-23 07:19:23', 0, 90),
(397, 'FR11B', '', '', 0, 0, 15, '2023-10-23 07:19:23', 0, 90),
(398, 'FR11C', '', '', 0, 0, 15, '2023-10-23 07:19:23', 0, 90),
(399, 'FR12A', '', '', 0, 0, 15, '2023-10-23 07:19:23', 0, 90),
(400, 'FR12B', '', '', 0, 0, 15, '2023-10-23 07:19:23', 0, 90),
(401, 'FR12C', '', '', 0, 0, 15, '2023-10-23 07:19:23', 0, 90),
(402, 'FR12D', '', '', 0, 0, 15, '2023-10-23 07:19:23', 0, 90),
(403, 'FR13A', '', '', 0, 0, 15, '2023-10-23 07:19:23', 0, 90),
(404, 'FR13B', '', '', 0, 0, 15, '2023-10-23 07:19:23', 0, 90),
(405, 'FR13C', '', '', 0, 0, 15, '2023-10-23 07:19:23', 0, 90),
(406, 'FR1A', '', '', 0, 0, 15, '2023-10-23 07:19:23', 0, 90),
(407, 'FR1B', '', '', 0, 0, 15, '2023-10-23 07:19:23', 0, 90),
(408, 'FR1C', '', '', 0, 0, 15, '2023-10-23 07:19:23', 0, 90),
(409, 'FR1D', '', '', 0, 0, 15, '2023-10-23 07:19:23', 0, 90),
(410, 'FR2A', '', '', 0, 0, 15, '2023-10-23 07:19:23', 0, 90),
(411, 'FR2B', '', '', 0, 0, 15, '2023-10-23 07:19:23', 0, 90),
(412, 'FR2C', '', '', 0, 0, 15, '2023-10-23 07:19:23', 0, 90),
(413, 'FR2D', '', '', 0, 0, 15, '2023-10-23 07:19:23', 0, 90),
(414, 'FR3A', '', '', 0, 0, 15, '2023-10-23 07:19:23', 0, 90),
(415, 'FR3B', '', '', 0, 0, 15, '2023-10-23 07:19:23', 0, 90),
(416, 'FR3C', '', '', 0, 0, 15, '2023-10-23 07:19:23', 0, 90),
(417, 'FR3D', '', '', 0, 0, 15, '2023-10-23 07:19:23', 0, 90),
(418, 'FR4A', '', '', 0, 0, 15, '2023-10-23 07:19:23', 0, 90),
(419, 'FR4B', '', '', 0, 0, 15, '2023-10-23 07:19:23', 0, 90),
(420, 'FR4C', '', '', 0, 0, 15, '2023-10-23 07:19:23', 0, 90),
(421, 'FR4D', '', '', 0, 0, 15, '2023-10-23 07:19:23', 0, 90),
(422, 'FR5A', '', '', 0, 0, 15, '2023-10-23 07:19:23', 0, 90),
(423, 'FR5B', '', '', 0, 0, 15, '2023-10-23 07:19:23', 0, 90),
(424, 'FR5C', '', '', 0, 0, 15, '2023-10-23 07:19:23', 0, 90),
(425, 'FR5D', '', '', 0, 0, 15, '2023-10-23 07:19:23', 0, 90),
(426, 'FR6A', '', '', 0, 0, 15, '2023-10-23 07:19:23', 0, 90),
(427, 'FR6B', '', '', 0, 0, 15, '2023-10-23 07:19:23', 0, 90),
(428, 'FR6C', '', '', 0, 0, 15, '2023-10-23 07:19:23', 0, 90),
(429, 'FR6D', '', '', 0, 0, 15, '2023-10-23 07:19:23', 0, 90),
(430, 'FR7B', '', '', 0, 0, 15, '2023-10-23 07:19:23', 0, 90),
(431, 'FR7C', '', '', 0, 0, 15, '2023-10-23 07:19:23', 0, 90),
(432, 'FR7D', '', '', 0, 0, 15, '2023-10-23 07:19:23', 0, 90),
(433, 'FR8A', '', '', 0, 0, 15, '2023-10-23 07:19:23', 0, 90),
(434, 'FR8B', '', '', 0, 0, 15, '2023-10-23 07:19:23', 0, 90),
(435, 'FR8C', '', '', 0, 0, 15, '2023-10-23 07:19:23', 0, 90),
(436, 'FR8D', '', '', 0, 0, 15, '2023-10-23 07:19:23', 0, 90),
(437, 'FR9B', '', '', 0, 0, 15, '2023-10-23 07:19:23', 0, 90),
(438, 'FR9C', '', '', 0, 0, 15, '2023-10-23 07:19:23', 0, 90),
(439, 'FR9D', '', '', 0, 0, 15, '2023-10-23 07:19:23', 0, 90),
(440, 'AP3A', '', '', 0, 0, 15, '2023-10-23 07:19:23', 0, 90),
(441, 'AP3B', '', '', 0, 0, 15, '2023-10-23 07:19:23', 0, 90),
(442, 'AP3C', '', '', 0, 0, 15, '2023-10-23 07:19:23', 0, 90),
(443, 'AP3D', '', '', 0, 0, 15, '2023-10-23 07:19:23', 0, 90),
(444, 'AP4A', '', '', 0, 0, 15, '2023-10-23 07:19:23', 0, 90),
(445, 'AP4B', '', '', 0, 0, 15, '2023-10-23 07:19:23', 0, 90),
(446, 'AP4C', '', '', 0, 0, 15, '2023-10-23 07:19:23', 0, 90),
(447, 'AP4D', '', '', 0, 0, 15, '2023-10-23 07:19:23', 0, 90),
(448, 'AR3A', '', '', 0, 0, 15, '2023-10-23 07:19:23', 0, 90),
(449, 'AR3B', '', '', 0, 0, 15, '2023-10-23 07:19:23', 0, 90),
(450, 'AR4A', '', '', 0, 0, 15, '2023-10-23 07:19:23', 0, 90),
(451, 'G701', '', '', 0, 0, 15, '2023-10-23 07:19:23', 0, 90),
(452, 'G702', '', '', 0, 0, 15, '2023-10-23 07:19:23', 0, 90),
(453, 'G703', '', '', 0, 0, 15, '2023-10-23 07:19:23', 0, 90),
(454, 'G704', '', '', 0, 0, 15, '2023-10-23 07:19:23', 0, 90),
(455, 'G705', '', '', 0, 0, 15, '2023-10-23 07:19:23', 0, 90),
(456, 'G708', '', '', 0, 0, 15, '2023-10-23 07:19:23', 0, 90),
(457, 'G713', '', '', 0, 0, 15, '2023-10-23 07:19:23', 0, 90),
(458, 'GP1A', '', '', 0, 0, 15, '2023-10-23 07:19:23', 0, 90),
(459, 'GP1B', '', '', 0, 0, 15, '2023-10-23 07:19:23', 0, 90),
(460, 'GP1C', '', '', 0, 0, 15, '2023-10-23 07:19:23', 0, 90),
(461, 'GP1D', '', '', 0, 0, 15, '2023-10-23 07:19:23', 0, 90),
(462, 'GP2A', '', '', 0, 0, 15, '2023-10-23 07:19:23', 0, 90),
(463, 'GP2B', '', '', 0, 0, 15, '2023-10-23 07:19:23', 0, 90),
(464, 'GP2C', '', '', 0, 0, 15, '2023-10-23 07:19:23', 0, 90),
(465, 'GP2D', '', '', 0, 0, 15, '2023-10-23 07:19:23', 0, 90),
(466, 'GP3A', '', '', 0, 0, 15, '2023-10-23 07:19:23', 0, 90),
(467, 'GP3B', '', '', 0, 0, 15, '2023-10-23 07:19:23', 0, 90),
(468, 'GP3C', '', '', 0, 0, 15, '2023-10-23 07:19:23', 0, 90),
(469, 'GP3D', '', '', 0, 0, 15, '2023-10-23 07:19:23', 0, 90),
(470, 'GP4A', '', '', 0, 0, 15, '2023-10-23 07:19:23', 0, 90),
(471, 'GP4B', '', '', 0, 0, 15, '2023-10-23 07:19:23', 0, 90),
(472, 'GP4C', '', '', 0, 0, 15, '2023-10-23 07:19:23', 0, 90),
(473, 'GP4D', '', '', 0, 0, 15, '2023-10-23 07:19:23', 0, 90),
(474, 'GP5A', '', '', 0, 0, 15, '2023-10-23 07:19:23', 0, 90),
(475, 'GP5B', '', '', 0, 0, 15, '2023-10-23 07:19:23', 0, 90),
(476, 'GP5C', '', '', 0, 0, 15, '2023-10-23 07:19:23', 0, 90),
(477, 'GP5D', '', '', 0, 0, 15, '2023-10-23 07:19:23', 0, 90),
(478, 'GP6A', '', '', 0, 0, 15, '2023-10-23 07:19:23', 0, 90),
(479, 'GP6B', '', '', 0, 0, 15, '2023-10-23 07:19:23', 0, 90),
(480, 'GP6C', '', '', 0, 0, 15, '2023-10-23 07:19:23', 0, 90),
(481, 'GP6D', '', '', 0, 0, 15, '2023-10-23 07:19:23', 0, 90),
(482, 'GP7A', '', '', 0, 0, 15, '2023-10-23 07:19:23', 0, 90),
(483, 'GP7B', '', '', 0, 0, 15, '2023-10-23 07:19:23', 0, 90),
(484, 'GP7C', '', '', 0, 0, 15, '2023-10-23 07:19:23', 0, 90),
(485, 'GP7D', '', '', 0, 0, 15, '2023-10-23 07:19:23', 0, 90),
(486, 'GR1A', '', '', 0, 0, 15, '2023-10-23 07:19:23', 0, 90),
(487, 'GR1A', '', '', 0, 0, 15, '2023-10-23 07:19:23', 0, 90),
(488, 'GR1B', '', '', 0, 0, 15, '2023-10-23 07:19:23', 0, 90),
(489, 'GR1C', '', '', 0, 0, 15, '2023-10-23 07:19:23', 0, 90),
(490, 'GR2B', '', '', 0, 0, 15, '2023-10-23 07:19:23', 0, 90),
(491, 'GR2B', '', '', 0, 0, 15, '2023-10-23 07:19:23', 0, 90),
(492, 'GR2C', '', '', 0, 0, 15, '2023-10-23 07:19:23', 0, 90),
(493, 'GR2D', '', '', 0, 0, 15, '2023-10-23 07:19:23', 0, 90),
(494, 'GR2E', '', '', 0, 0, 15, '2023-10-23 07:19:23', 0, 90),
(495, 'GR2F', '', '', 0, 0, 15, '2023-10-23 07:19:23', 0, 90),
(496, 'GR3C', '', '', 0, 0, 15, '2023-10-23 07:19:23', 0, 90),
(497, 'GR3D', '', '', 0, 0, 15, '2023-10-23 07:19:23', 0, 90),
(498, 'GR4A', '', '', 0, 0, 15, '2023-10-23 07:19:23', 0, 90),
(499, 'GR4B', '', '', 0, 0, 15, '2023-10-23 07:19:23', 0, 90),
(500, 'GR4C', '', '', 0, 0, 15, '2023-10-23 07:19:23', 0, 90),
(501, 'GR4D', '', '', 0, 0, 15, '2023-10-23 07:19:23', 0, 90),
(502, 'GR5B', '', '', 0, 0, 15, '2023-10-23 07:19:23', 0, 90),
(503, 'GR6C', '', '', 0, 0, 15, '2023-10-23 07:19:23', 0, 90),
(504, 'GR6D', '', '', 0, 0, 15, '2023-10-23 07:19:23', 0, 90),
(505, 'GR7A', '', '', 0, 0, 15, '2023-10-23 07:19:23', 0, 90),
(506, 'GR7B', '', '', 0, 0, 15, '2023-10-23 07:19:23', 0, 90),
(507, 'GR7C', '', '', 0, 0, 15, '2023-10-23 07:19:23', 0, 90),
(508, 'GR7D', '', '', 0, 0, 15, '2023-10-23 07:19:23', 0, 90),
(509, 'HR4F', '', '', 0, 0, 15, '2023-10-23 07:19:23', 0, 90),
(510, 'HP5A', '', '', 0, 0, 15, '2023-10-23 07:19:23', 0, 90),
(511, 'HR5A', '', '', 0, 0, 15, '2023-10-23 07:19:23', 0, 90),
(512, 'HP5B', '', '', 0, 0, 15, '2023-10-23 07:19:23', 0, 90),
(513, 'HR5B', '', '', 0, 0, 15, '2023-10-23 07:19:23', 0, 90),
(514, 'HP5C', '', '', 0, 0, 15, '2023-10-23 07:19:23', 0, 90),
(515, 'HR5C', '', '', 0, 0, 15, '2023-10-23 07:19:23', 0, 90),
(516, 'HP5D', '', '', 0, 0, 15, '2023-10-23 07:19:23', 0, 90),
(517, 'HR5D', '', '', 0, 0, 15, '2023-10-23 07:19:23', 0, 90),
(518, 'HP6A', '', '', 0, 0, 15, '2023-10-23 07:19:23', 0, 90),
(519, 'HR6A', '', '', 0, 0, 15, '2023-10-23 07:19:23', 0, 90),
(520, 'HP6B', '', '', 0, 0, 15, '2023-10-23 07:19:23', 0, 90),
(521, 'HR6B', '', '', 0, 0, 15, '2023-10-23 07:19:23', 0, 90),
(522, 'HP6C', '', '', 0, 0, 15, '2023-10-23 07:19:23', 0, 90),
(523, 'HR6C', '', '', 0, 0, 15, '2023-10-23 07:19:23', 0, 90),
(524, 'HP6D', '', '', 0, 0, 15, '2023-10-23 07:19:23', 0, 90),
(525, 'HR6D', '', '', 0, 0, 15, '2023-10-23 07:19:23', 0, 90),
(526, 'HP2C', '', '', 0, 0, 15, '2023-10-23 07:19:23', 0, 90),
(527, 'HR2C', '', '', 0, 0, 15, '2023-10-23 07:19:23', 0, 90),
(528, 'HP2D', '', '', 0, 0, 15, '2023-10-23 07:19:23', 0, 90),
(529, 'HR2D', '', '', 0, 0, 15, '2023-10-23 07:19:23', 0, 90),
(530, 'HP2B', '', '', 0, 0, 15, '2023-10-23 07:19:23', 0, 90),
(531, 'HR2B', '', '', 0, 0, 15, '2023-10-23 07:19:23', 0, 90),
(532, 'HP2A', '', '', 0, 0, 15, '2023-10-23 07:19:23', 0, 90),
(533, 'HR2A', '', '', 0, 0, 15, '2023-10-23 07:19:23', 0, 90),
(534, 'HP7C', '', '', 0, 0, 15, '2023-10-23 07:19:23', 0, 90),
(535, 'HR7C', '', '', 0, 0, 15, '2023-10-23 07:19:23', 0, 90),
(536, 'HP7D', '', '', 0, 0, 15, '2023-10-23 07:19:23', 0, 90),
(537, 'HR7D', '', '', 0, 0, 15, '2023-10-23 07:19:23', 0, 90),
(538, 'HR7E', '', '', 0, 0, 15, '2023-10-23 07:19:23', 0, 90),
(539, 'HR7F', '', '', 0, 0, 15, '2023-10-23 07:19:23', 0, 90),
(540, 'HP7A', '', '', 0, 0, 15, '2023-10-23 07:19:23', 0, 90),
(541, 'HR7A', '', '', 0, 0, 15, '2023-10-23 07:19:23', 0, 90),
(542, 'HP7B', '', '', 0, 0, 15, '2023-10-23 07:19:23', 0, 90),
(543, 'HR7B', '', '', 0, 0, 15, '2023-10-23 07:19:23', 0, 90),
(544, 'HP3C', '', '', 0, 0, 15, '2023-10-23 07:19:23', 0, 90),
(545, 'HR3C', '', '', 0, 0, 15, '2023-10-23 07:19:23', 0, 90),
(546, 'HP3D', '', '', 0, 0, 15, '2023-10-23 07:19:23', 0, 90),
(547, 'HR3D', '', '', 0, 0, 15, '2023-10-23 07:19:23', 0, 90),
(548, 'HP3A', '', '', 0, 0, 15, '2023-10-23 07:19:23', 0, 90),
(549, 'HR3A', '', '', 0, 0, 15, '2023-10-23 07:19:23', 0, 90),
(550, 'HP3B', '', '', 0, 0, 15, '2023-10-23 07:19:23', 0, 90),
(551, 'HR3B', '', '', 0, 0, 15, '2023-10-23 07:19:23', 0, 90),
(552, 'HR7G', '', '', 0, 0, 15, '2023-10-23 07:19:23', 0, 90),
(553, 'HR4E', '', '', 0, 0, 15, '2023-10-23 07:19:23', 0, 90),
(554, 'HP4D', '', '', 0, 0, 15, '2023-10-23 07:19:23', 0, 90),
(555, 'HR4D', '', '', 0, 0, 15, '2023-10-23 07:19:23', 0, 90),
(556, 'HP4C', '', '', 0, 0, 15, '2023-10-23 07:19:23', 0, 90),
(557, 'HR4C', '', '', 0, 0, 15, '2023-10-23 07:19:23', 0, 90),
(558, 'HP4B', '', '', 0, 0, 15, '2023-10-23 07:19:23', 0, 90),
(559, 'HR4B', '', '', 0, 0, 15, '2023-10-23 07:19:23', 0, 90),
(560, 'HP4A', '', '', 0, 0, 15, '2023-10-23 07:19:23', 0, 90),
(561, 'HR4A', '', '', 0, 0, 15, '2023-10-23 07:19:23', 0, 90),
(562, 'HP1B', '', '', 0, 0, 15, '2023-10-23 07:19:23', 0, 90),
(563, 'HR1B', '', '', 0, 0, 15, '2023-10-23 07:19:23', 0, 90),
(564, 'HP1A', '', '', 0, 0, 15, '2023-10-23 07:19:23', 0, 90),
(565, 'HR1A', '', '', 0, 0, 15, '2023-10-23 07:19:23', 0, 90),
(566, 'HP1C', '', '', 0, 0, 15, '2023-10-23 07:19:23', 0, 90),
(567, 'HR1C', '', '', 0, 0, 15, '2023-10-23 07:19:23', 0, 90),
(568, 'HP1D', '', '', 0, 0, 15, '2023-10-23 07:19:23', 0, 90),
(569, 'IP5A', '', '', 0, 0, 15, '2023-10-23 07:19:23', 0, 90),
(570, 'IR5A', '', '', 0, 0, 15, '2023-10-23 07:19:23', 0, 90),
(571, 'IP5B', '', '', 0, 0, 15, '2023-10-23 07:19:23', 0, 90),
(572, 'IR5B', '', '', 0, 0, 15, '2023-10-23 07:19:23', 0, 90),
(573, 'IP5C', '', '', 0, 0, 15, '2023-10-23 07:19:23', 0, 90),
(574, 'IR5C', '', '', 0, 0, 15, '2023-10-23 07:19:23', 0, 90),
(575, 'IP5D', '', '', 0, 0, 15, '2023-10-23 07:19:23', 0, 90),
(576, 'IR5D', '', '', 0, 0, 15, '2023-10-23 07:19:23', 0, 90),
(577, 'IR5E', '', '', 0, 0, 15, '2023-10-23 07:19:23', 0, 90),
(578, 'IR5F', '', '', 0, 0, 15, '2023-10-23 07:19:23', 0, 90),
(579, 'IP4A', '', '', 0, 0, 15, '2023-10-23 07:19:23', 0, 90),
(580, 'IR4A', '', '', 0, 0, 15, '2023-10-23 07:19:23', 0, 90),
(581, 'IP4B', '', '', 0, 0, 15, '2023-10-23 07:19:23', 0, 90),
(582, 'IR4B', '', '', 0, 0, 15, '2023-10-23 07:19:23', 0, 90),
(583, 'IP4C', '', '', 0, 0, 15, '2023-10-23 07:19:23', 0, 90),
(584, 'IR4C', '', '', 0, 0, 15, '2023-10-23 07:19:23', 0, 90),
(585, 'IP4D', '', '', 0, 0, 15, '2023-10-23 07:19:23', 0, 90),
(586, 'IR4D', '', '', 0, 0, 15, '2023-10-23 07:19:23', 0, 90),
(587, 'IR4E', '', '', 0, 0, 15, '2023-10-23 07:19:23', 0, 90),
(588, 'IR4F', '', '', 0, 0, 15, '2023-10-23 07:19:23', 0, 90),
(589, 'IP3A', '', '', 0, 0, 15, '2023-10-23 07:19:23', 0, 90),
(590, 'IR3A', '', '', 0, 0, 15, '2023-10-23 07:19:23', 0, 90),
(591, 'IP3B', '', '', 0, 0, 15, '2023-10-23 07:19:23', 0, 90),
(592, 'IR3B', '', '', 0, 0, 15, '2023-10-23 07:19:23', 0, 90),
(593, 'IP3C', '', '', 0, 0, 15, '2023-10-23 07:19:23', 0, 90),
(594, 'IR3C', '', '', 0, 0, 15, '2023-10-23 07:19:23', 0, 90),
(595, 'IP3D', '', '', 0, 0, 15, '2023-10-23 07:19:23', 0, 90),
(596, 'IR3D', '', '', 0, 0, 15, '2023-10-23 07:19:23', 0, 90),
(597, 'IR3E', '', '', 0, 0, 15, '2023-10-23 07:19:23', 0, 90),
(598, 'IR3F', '', '', 0, 0, 15, '2023-10-23 07:19:23', 0, 90),
(599, 'IP2A', '', '', 0, 0, 15, '2023-10-23 07:19:23', 0, 90),
(600, 'IR2A', '', '', 0, 0, 15, '2023-10-23 07:19:23', 0, 90),
(601, 'IP2B', '', '', 0, 0, 15, '2023-10-23 07:19:23', 0, 90),
(602, 'IR2B', '', '', 0, 0, 15, '2023-10-23 07:19:23', 0, 90),
(603, 'IP2C', '', '', 0, 0, 15, '2023-10-23 07:19:23', 0, 90),
(604, 'IR2C', '', '', 0, 0, 15, '2023-10-23 07:19:23', 0, 90),
(605, 'IP2D', '', '', 0, 0, 15, '2023-10-23 07:19:23', 0, 90),
(606, 'IR2D', '', '', 0, 0, 15, '2023-10-23 07:19:23', 0, 90),
(607, 'IR2E', '', '', 0, 0, 15, '2023-10-23 07:19:23', 0, 90),
(608, 'IR2F', '', '', 0, 0, 15, '2023-10-23 07:19:23', 0, 90),
(609, 'IP1A', '', '', 0, 0, 15, '2023-10-23 07:19:23', 0, 90),
(610, 'IR1A', '', '', 0, 0, 15, '2023-10-23 07:19:23', 0, 90),
(611, 'IP1B', '', '', 0, 0, 15, '2023-10-23 07:19:23', 0, 90),
(612, 'IR1B', '', '', 0, 0, 15, '2023-10-23 07:19:23', 0, 90),
(613, 'IP1C', '', '', 0, 0, 15, '2023-10-23 07:19:23', 0, 90),
(614, 'IR1C', '', '', 0, 0, 15, '2023-10-23 07:19:23', 0, 90),
(615, 'IP1D', '', '', 0, 0, 15, '2023-10-23 07:19:23', 0, 90),
(616, 'IR1D', '', '', 0, 0, 15, '2023-10-23 07:19:23', 0, 90),
(617, 'IR1E', '', '', 0, 0, 15, '2023-10-23 07:19:23', 0, 90),
(618, 'IR1F', '', '', 0, 0, 15, '2023-10-23 07:19:23', 0, 90),
(619, 'IR1G', '', '', 0, 0, 15, '2023-10-23 07:19:23', 0, 90),
(620, 'IP10A', '', '', 0, 0, 15, '2023-10-23 07:19:23', 0, 90),
(621, 'IR10A', '', '', 0, 0, 15, '2023-10-23 07:19:23', 0, 90),
(622, 'IP10B', '', '', 0, 0, 15, '2023-10-23 07:19:23', 0, 90),
(623, 'IR10B', '', '', 0, 0, 15, '2023-10-23 07:19:23', 0, 90),
(624, 'IP10C', '', '', 0, 0, 15, '2023-10-23 07:19:23', 0, 90),
(625, 'IR10C', '', '', 0, 0, 15, '2023-10-23 07:19:23', 0, 90),
(626, 'IP10D', '', '', 0, 0, 15, '2023-10-23 07:19:23', 0, 90),
(627, 'IR10D', '', '', 0, 0, 15, '2023-10-23 07:19:23', 0, 90),
(628, 'IP9A', '', '', 0, 0, 15, '2023-10-23 07:19:23', 0, 90),
(629, 'IR9A', '', '', 0, 0, 15, '2023-10-23 07:19:23', 0, 90),
(630, 'IP9B', '', '', 0, 0, 15, '2023-10-23 07:19:23', 0, 90),
(631, 'IR9B', '', '', 0, 0, 15, '2023-10-23 07:19:23', 0, 90),
(632, 'IP9C', '', '', 0, 0, 15, '2023-10-23 07:19:23', 0, 90),
(633, 'IR9C', '', '', 0, 0, 15, '2023-10-23 07:19:23', 0, 90),
(634, 'IP9D', '', '', 0, 0, 15, '2023-10-23 07:19:23', 0, 90),
(635, 'IR9D', '', '', 0, 0, 15, '2023-10-23 07:19:23', 0, 90),
(636, 'IP8A', '', '', 0, 0, 15, '2023-10-23 07:19:23', 0, 90),
(637, 'IR8A', '', '', 0, 0, 15, '2023-10-23 07:19:23', 0, 90),
(638, 'IP8B', '', '', 0, 0, 15, '2023-10-23 07:19:23', 0, 90),
(639, 'IR8B', '', '', 0, 0, 15, '2023-10-23 07:19:23', 0, 90),
(640, 'IP8C', '', '', 0, 0, 15, '2023-10-23 07:19:23', 0, 90),
(641, 'IR8C', '', '', 0, 0, 15, '2023-10-23 07:19:23', 0, 90),
(642, 'IP8D', '', '', 0, 0, 15, '2023-10-23 07:19:23', 0, 90),
(643, 'IR8D', '', '', 0, 0, 15, '2023-10-23 07:19:23', 0, 90),
(644, 'IP7A', '', '', 0, 0, 15, '2023-10-23 07:19:23', 0, 90),
(645, 'IR7A', '', '', 0, 0, 15, '2023-10-23 07:19:23', 0, 90),
(646, 'IP7B', '', '', 0, 0, 15, '2023-10-23 07:19:23', 0, 90),
(647, 'IR7B', '', '', 0, 0, 15, '2023-10-23 07:19:23', 0, 90),
(648, 'IP7C', '', '', 0, 0, 15, '2023-10-23 07:19:23', 0, 90),
(649, 'IR7C', '', '', 0, 0, 15, '2023-10-23 07:19:23', 0, 90),
(650, 'IP7D', '', '', 0, 0, 15, '2023-10-23 07:19:23', 0, 90),
(651, 'IR7D', '', '', 0, 0, 15, '2023-10-23 07:19:23', 0, 90),
(652, 'IP6A', '', '', 0, 0, 15, '2023-10-23 07:19:23', 0, 90),
(653, 'IR6A', '', '', 0, 0, 15, '2023-10-23 07:19:23', 0, 90),
(654, 'IP6B', '', '', 0, 0, 15, '2023-10-23 07:19:23', 0, 90),
(655, 'IR6B', '', '', 0, 0, 15, '2023-10-23 07:19:23', 0, 90),
(656, 'IP6C', '', '', 0, 0, 15, '2023-10-23 07:19:23', 0, 90),
(657, 'IR6C', '', '', 0, 0, 15, '2023-10-23 07:19:23', 0, 90),
(658, 'IP6D', '', '', 0, 0, 15, '2023-10-23 07:19:23', 0, 90),
(659, 'IR6D', '', '', 0, 0, 15, '2023-10-23 07:19:23', 0, 90),
(660, 'IR6E', '', '', 0, 0, 15, '2023-10-23 07:19:23', 0, 90),
(661, 'IR6F', '', '', 0, 0, 15, '2023-10-23 07:19:23', 0, 90),
(662, 'JP3A', '', '', 0, 0, 15, '2023-10-23 07:19:23', 0, 90),
(663, 'JR3A', '', '', 0, 0, 15, '2023-10-23 07:19:23', 0, 90),
(664, 'JP3B', '', '', 0, 0, 15, '2023-10-23 07:19:23', 0, 90),
(665, 'JR3B', '', '', 0, 0, 15, '2023-10-23 07:19:23', 0, 90),
(666, 'JP3C', '', '', 0, 0, 15, '2023-10-23 07:19:23', 0, 90),
(667, 'JR3C', '', '', 0, 0, 15, '2023-10-23 07:19:23', 0, 90),
(668, 'JP3D', '', '', 0, 0, 15, '2023-10-23 07:19:23', 0, 90),
(669, 'JR3D', '', '', 0, 0, 15, '2023-10-23 07:19:23', 0, 90),
(670, 'JR3E', '', '', 0, 0, 15, '2023-10-23 07:19:23', 0, 90),
(671, 'JR3F', '', '', 0, 0, 15, '2023-10-23 07:19:23', 0, 90),
(672, 'JP2A', '', '', 0, 0, 15, '2023-10-23 07:19:23', 0, 90),
(673, 'JR2A', '', '', 0, 0, 15, '2023-10-23 07:19:23', 0, 90),
(674, 'JP2B', '', '', 0, 0, 15, '2023-10-23 07:19:23', 0, 90),
(675, 'JR2B', '', '', 0, 0, 15, '2023-10-23 07:19:23', 0, 90),
(676, 'JP2C', '', '', 0, 0, 15, '2023-10-23 07:19:23', 0, 90),
(677, 'JR2C', '', '', 0, 0, 15, '2023-10-23 07:19:23', 0, 90),
(678, 'JP2D', '', '', 0, 0, 15, '2023-10-23 07:19:23', 0, 90),
(679, 'JR2D', '', '', 0, 0, 15, '2023-10-23 07:19:23', 0, 90),
(680, 'JR2E', '', '', 0, 0, 15, '2023-10-23 07:19:23', 0, 90),
(681, 'JR2F', '', '', 0, 0, 15, '2023-10-23 07:19:23', 0, 90),
(682, 'JP1A', '', '', 0, 0, 15, '2023-10-23 07:19:23', 0, 90),
(683, 'JR1A', '', '', 0, 0, 15, '2023-10-23 07:19:23', 0, 90),
(684, 'JP1B', '', '', 0, 0, 15, '2023-10-23 07:19:23', 0, 90),
(685, 'JR1B', '', '', 0, 0, 15, '2023-10-23 07:19:23', 0, 90),
(686, 'JP1C', '', '', 0, 0, 15, '2023-10-23 07:19:23', 0, 90),
(687, 'JR1C', '', '', 0, 0, 15, '2023-10-23 07:19:23', 0, 90),
(688, 'JP1D', '', '', 0, 0, 15, '2023-10-23 07:19:23', 0, 90),
(689, 'JR1D', '', '', 0, 0, 15, '2023-10-23 07:19:23', 0, 90),
(690, 'JR1E', '', '', 0, 0, 15, '2023-10-23 07:19:23', 0, 90),
(691, 'JR1F', '', '', 0, 0, 15, '2023-10-23 07:19:23', 0, 90),
(692, 'JP8A', '', '', 0, 0, 15, '2023-10-23 07:19:23', 0, 90),
(693, 'JR8A', '', '', 0, 0, 15, '2023-10-23 07:19:23', 0, 90),
(694, 'JP8B', '', '', 0, 0, 15, '2023-10-23 07:19:23', 0, 90),
(695, 'JR8B', '', '', 0, 0, 15, '2023-10-23 07:19:23', 0, 90),
(696, 'JP8C', '', '', 0, 0, 15, '2023-10-23 07:19:23', 0, 90),
(697, 'JR8C', '', '', 0, 0, 15, '2023-10-23 07:19:23', 0, 90),
(698, 'JP8D', '', '', 0, 0, 15, '2023-10-23 07:19:23', 0, 90),
(699, 'JR8D', '', '', 0, 0, 15, '2023-10-23 07:19:23', 0, 90),
(700, 'JP7A', '', '', 0, 0, 15, '2023-10-23 07:19:23', 0, 90),
(701, 'JR7A', '', '', 0, 0, 15, '2023-10-23 07:19:23', 0, 90),
(702, 'JP7B', '', '', 0, 0, 15, '2023-10-23 07:19:23', 0, 90),
(703, 'JR7B', '', '', 0, 0, 15, '2023-10-23 07:19:23', 0, 90),
(704, 'JP7C', '', '', 0, 0, 15, '2023-10-23 07:19:23', 0, 90),
(705, 'JR7C', '', '', 0, 0, 15, '2023-10-23 07:19:23', 0, 90),
(706, 'JP7D', '', '', 0, 0, 15, '2023-10-23 07:19:23', 0, 90),
(707, 'JR7D', '', '', 0, 0, 15, '2023-10-23 07:19:23', 0, 90),
(708, 'JP6A', '', '', 0, 0, 15, '2023-10-23 07:19:23', 0, 90),
(709, 'JR6A', '', '', 0, 0, 15, '2023-10-23 07:19:23', 0, 90),
(710, 'JP6B', '', '', 0, 0, 15, '2023-10-23 07:19:23', 0, 90),
(711, 'JR6B', '', '', 0, 0, 15, '2023-10-23 07:19:23', 0, 90),
(712, 'JP6C', '', '', 0, 0, 15, '2023-10-23 07:19:23', 0, 90),
(713, 'JR6C', '', '', 0, 0, 15, '2023-10-23 07:19:23', 0, 90),
(714, 'JP6D', '', '', 0, 0, 15, '2023-10-23 07:19:23', 0, 90),
(715, 'JR6D', '', '', 0, 0, 15, '2023-10-23 07:19:23', 0, 90),
(716, 'JP5A', '', '', 0, 0, 15, '2023-10-23 07:19:23', 0, 90),
(717, 'JR5A', '', '', 0, 0, 15, '2023-10-23 07:19:23', 0, 90),
(718, 'JP5B', '', '', 0, 0, 15, '2023-10-23 07:19:23', 0, 90),
(719, 'JR5B', '', '', 0, 0, 15, '2023-10-23 07:19:23', 0, 90),
(720, 'JP5C', '', '', 0, 0, 15, '2023-10-23 07:19:23', 0, 90),
(721, 'JR5C', '', '', 0, 0, 15, '2023-10-23 07:19:23', 0, 90),
(722, 'JP5D', '', '', 0, 0, 15, '2023-10-23 07:19:23', 0, 90),
(723, 'JR5D', '', '', 0, 0, 15, '2023-10-23 07:19:23', 0, 90),
(724, 'JP4A', '', '', 0, 0, 15, '2023-10-23 07:19:23', 0, 90),
(725, 'JR4A', '', '', 0, 0, 15, '2023-10-23 07:19:23', 0, 90),
(726, 'JP4B', '', '', 0, 0, 15, '2023-10-23 07:19:23', 0, 90),
(727, 'JR4B', '', '', 0, 0, 15, '2023-10-23 07:19:23', 0, 90),
(728, 'JP4C', '', '', 0, 0, 15, '2023-10-23 07:19:23', 0, 90),
(729, 'JR4C', '', '', 0, 0, 15, '2023-10-23 07:19:23', 0, 90),
(730, 'JP4D', '', '', 0, 0, 15, '2023-10-23 07:19:23', 0, 90),
(731, 'JR4D', '', '', 0, 0, 15, '2023-10-23 07:19:23', 0, 90),
(732, 'JR4E', '', '', 0, 0, 15, '2023-10-23 07:19:23', 0, 90),
(733, 'JR4F', '', '', 0, 0, 15, '2023-10-23 07:19:23', 0, 90),
(734, 'KP1A', '', '', 0, 0, 15, '2023-10-23 07:19:23', 0, 90),
(735, 'KP1B', '', '', 0, 0, 15, '2023-10-23 07:19:23', 0, 90),
(736, 'KP1C', '', '', 0, 0, 15, '2023-10-23 07:19:23', 0, 90),
(737, 'KP1D', '', '', 0, 0, 15, '2023-10-23 07:19:23', 0, 90),
(738, 'KP2A', '', '', 0, 0, 15, '2023-10-23 07:19:23', 0, 90),
(739, 'KP2B', '', '', 0, 0, 15, '2023-10-23 07:19:23', 0, 90),
(740, 'KP2C', '', '', 0, 0, 15, '2023-10-23 07:19:23', 0, 90),
(741, 'KP2D', '', '', 0, 0, 15, '2023-10-23 07:19:23', 0, 90),
(742, 'KP3A', '', '', 0, 0, 15, '2023-10-23 07:19:23', 0, 90),
(743, 'KP3B', '', '', 0, 0, 15, '2023-10-23 07:19:23', 0, 90),
(744, 'KP3C', '', '', 0, 0, 15, '2023-10-23 07:19:23', 0, 90),
(745, 'KP3D', '', '', 0, 0, 15, '2023-10-23 07:19:23', 0, 90),
(746, 'KP4A', '', '', 0, 0, 15, '2023-10-23 07:19:23', 0, 90),
(747, 'KP4B', '', '', 0, 0, 15, '2023-10-23 07:19:23', 0, 90),
(748, 'KP4C', '', '', 0, 0, 15, '2023-10-23 07:19:23', 0, 90),
(749, 'KP4D', '', '', 0, 0, 15, '2023-10-23 07:19:23', 0, 90),
(750, 'KP5A', '', '', 0, 0, 15, '2023-10-23 07:19:23', 0, 90),
(751, 'KP5B', '', '', 0, 0, 15, '2023-10-23 07:19:23', 0, 90),
(752, 'KP5C', '', '', 0, 0, 15, '2023-10-23 07:19:23', 0, 90),
(753, 'KP5D', '', '', 0, 0, 15, '2023-10-23 07:19:23', 0, 90),
(754, 'KR1A', '', '', 0, 0, 15, '2023-10-23 07:19:23', 0, 90),
(755, 'KR1B', '', '', 0, 0, 15, '2023-10-23 07:19:23', 0, 90),
(756, 'KR1C', '', '', 0, 0, 15, '2023-10-23 07:19:23', 0, 90),
(757, 'KR1D', '', '', 0, 0, 15, '2023-10-23 07:19:23', 0, 90),
(758, 'KR1E', '', '', 0, 0, 15, '2023-10-23 07:19:23', 0, 90),
(759, 'KR1F', '', '', 0, 0, 15, '2023-10-23 07:19:23', 0, 90),
(760, 'KR2A', '', '', 0, 0, 15, '2023-10-23 07:19:23', 0, 90),
(761, 'KR2D', '', '', 0, 0, 15, '2023-10-23 07:19:23', 0, 90),
(762, 'KR2E', '', '', 0, 0, 15, '2023-10-23 07:19:23', 0, 90),
(763, 'KR2F', '', '', 0, 0, 15, '2023-10-23 07:19:23', 0, 90),
(764, 'KR3A', '', '', 0, 0, 15, '2023-10-23 07:19:23', 0, 90),
(765, 'KR3B', '', '', 0, 0, 15, '2023-10-23 07:19:23', 0, 90),
(766, 'KR3C', '', '', 0, 0, 15, '2023-10-23 07:19:23', 0, 90),
(767, 'KR3D', '', '', 0, 0, 15, '2023-10-23 07:19:23', 0, 90),
(768, 'KR3E', '', '', 0, 0, 15, '2023-10-23 07:19:23', 0, 90),
(769, 'KR3F', '', '', 0, 0, 15, '2023-10-23 07:19:23', 0, 90),
(770, 'KR3G', '', '', 0, 0, 15, '2023-10-23 07:19:23', 0, 90),
(771, 'KR4A', '', '', 0, 0, 15, '2023-10-23 07:19:23', 0, 90),
(772, 'KR4B', '', '', 0, 0, 15, '2023-10-23 07:19:23', 0, 90),
(773, 'KR4B', '', '', 0, 0, 15, '2023-10-23 07:19:23', 0, 90),
(774, 'KR4C', '', '', 0, 0, 15, '2023-10-23 07:19:23', 0, 90),
(775, 'KR4C', '', '', 0, 0, 15, '2023-10-23 07:19:23', 0, 90),
(776, 'KR4D', '', '', 0, 0, 15, '2023-10-23 07:19:23', 0, 90),
(777, 'KR4D', '', '', 0, 0, 15, '2023-10-23 07:19:23', 0, 90),
(778, 'KR4G', '', '', 0, 0, 15, '2023-10-23 07:19:23', 0, 90),
(779, 'KR4H', '', '', 0, 0, 15, '2023-10-23 07:19:23', 0, 90),
(780, 'KR5B', '', '', 0, 0, 15, '2023-10-23 07:19:23', 0, 90),
(781, 'KR6A', '', '', 0, 0, 15, '2023-10-23 07:19:23', 0, 90),
(782, 'KR6B', '', '', 0, 0, 15, '2023-10-23 07:19:23', 0, 90),
(783, 'KR6C', '', '', 0, 0, 15, '2023-10-23 07:19:23', 0, 90),
(784, 'KR6D', '', '', 0, 0, 15, '2023-10-23 07:19:23', 0, 90),
(785, 'LP4A', '', '', 0, 0, 15, '2023-10-23 07:19:23', 0, 90),
(786, 'LR4A', '', '', 0, 0, 15, '2023-10-23 07:19:23', 0, 90),
(787, 'LP4B', '', '', 0, 0, 15, '2023-10-23 07:19:23', 0, 90),
(788, 'LR4B', '', '', 0, 0, 15, '2023-10-23 07:19:23', 0, 90),
(789, 'LP4C', '', '', 0, 0, 15, '2023-10-23 07:19:23', 0, 90),
(790, 'LR4C', '', '', 0, 0, 15, '2023-10-23 07:19:23', 0, 90),
(791, 'LP4D', '', '', 0, 0, 15, '2023-10-23 07:19:23', 0, 90),
(792, 'LR4D', '', '', 0, 0, 15, '2023-10-23 07:19:23', 0, 90),
(793, 'LP5A', '', '', 0, 0, 15, '2023-10-23 07:19:23', 0, 90),
(794, 'LR5A', '', '', 0, 0, 15, '2023-10-23 07:19:23', 0, 90),
(795, 'LP5B', '', '', 0, 0, 15, '2023-10-23 07:19:23', 0, 90),
(796, 'LR5B', '', '', 0, 0, 15, '2023-10-23 07:19:23', 0, 90),
(797, 'LP5C', '', '', 0, 0, 15, '2023-10-23 07:19:23', 0, 90),
(798, 'LR5C', '', '', 0, 0, 15, '2023-10-23 07:19:23', 0, 90),
(799, 'LP5D', '', '', 0, 0, 15, '2023-10-23 07:19:23', 0, 90),
(800, 'LR5D', '', '', 0, 0, 15, '2023-10-23 07:19:23', 0, 90),
(801, 'LP3A', '', '', 0, 0, 15, '2023-10-23 07:19:23', 0, 90),
(802, 'LR3A', '', '', 0, 0, 15, '2023-10-23 07:19:23', 0, 90),
(803, 'LP3B', '', '', 0, 0, 15, '2023-10-23 07:19:23', 0, 90),
(804, 'LR3B', '', '', 0, 0, 15, '2023-10-23 07:19:23', 0, 90),
(805, 'LP3C', '', '', 0, 0, 15, '2023-10-23 07:19:23', 0, 90),
(806, 'LR3C', '', '', 0, 0, 15, '2023-10-23 07:19:23', 0, 90),
(807, 'LP3D', '', '', 0, 0, 15, '2023-10-23 07:19:23', 0, 90),
(808, 'LR3D', '', '', 0, 0, 15, '2023-10-23 07:19:23', 0, 90),
(809, 'LP2A', '', '', 0, 0, 15, '2023-10-23 07:19:23', 0, 90),
(810, 'LR2A', '', '', 0, 0, 15, '2023-10-23 07:19:23', 0, 90),
(811, 'LP2B', '', '', 0, 0, 15, '2023-10-23 07:19:23', 0, 90);
INSERT INTO `farm` (`farmID`, `Farm_Name`, `section`, `regime`, `Application`, `rainfall`, `evaporation`, `date`, `age`, `trigger_condition`) VALUES
(812, 'LR2B', '', '', 0, 0, 15, '2023-10-23 07:19:23', 0, 90),
(813, 'LP2C', '', '', 0, 0, 15, '2023-10-23 07:19:23', 0, 90),
(814, 'LR2C', '', '', 0, 0, 15, '2023-10-23 07:19:23', 0, 90),
(815, 'LP2D', '', '', 0, 0, 15, '2023-10-23 07:19:23', 0, 90),
(816, 'LR2D', '', '', 0, 0, 15, '2023-10-23 07:19:23', 0, 90),
(817, 'LP1A', '', '', 0, 0, 15, '2023-10-23 07:19:23', 0, 90),
(818, 'LR1A', '', '', 0, 0, 15, '2023-10-23 07:19:23', 0, 90),
(819, 'LP1B', '', '', 0, 0, 15, '2023-10-23 07:19:23', 0, 90),
(820, 'LR1B', '', '', 0, 0, 15, '2023-10-23 07:19:23', 0, 90),
(821, 'LP1C', '', '', 0, 0, 15, '2023-10-23 07:19:23', 0, 90),
(822, 'LR1C', '', '', 0, 0, 15, '2023-10-23 07:19:23', 0, 90),
(823, 'LP1D', '', '', 0, 0, 15, '2023-10-23 07:19:23', 0, 90),
(824, 'LR1D', '', '', 0, 0, 15, '2023-10-23 07:19:23', 0, 90),
(825, 'LP6A', '', '', 0, 0, 15, '2023-10-23 07:19:23', 0, 90),
(826, 'LR6A', '', '', 0, 0, 15, '2023-10-23 07:19:23', 0, 90),
(827, 'LP6B', '', '', 0, 0, 15, '2023-10-23 07:19:23', 0, 90),
(828, 'LR6B', '', '', 0, 0, 15, '2023-10-23 07:19:23', 0, 90),
(829, 'LP6C', '', '', 0, 0, 15, '2023-10-23 07:19:23', 0, 90),
(830, 'LR6C', '', '', 0, 0, 15, '2023-10-23 07:19:23', 0, 90),
(831, 'LP6D', '', '', 0, 0, 15, '2023-10-23 07:19:23', 0, 90),
(832, 'LR6D', '', '', 0, 0, 15, '2023-10-23 07:19:23', 0, 90),
(833, 'LP11A', '', '', 0, 0, 15, '2023-10-23 07:19:23', 0, 90),
(834, 'LR11A', '', '', 0, 0, 15, '2023-10-23 07:19:23', 0, 90),
(835, 'LP11B', '', '', 0, 0, 15, '2023-10-23 07:19:23', 0, 90),
(836, 'LR11B', '', '', 0, 0, 15, '2023-10-23 07:19:23', 0, 90),
(837, 'LP11C', '', '', 0, 0, 15, '2023-10-23 07:19:23', 0, 90),
(838, 'LR11C', '', '', 0, 0, 15, '2023-10-23 07:19:23', 0, 90),
(839, 'LP11D', '', '', 0, 0, 15, '2023-10-23 07:19:23', 0, 90),
(840, 'LR11D', '', '', 0, 0, 15, '2023-10-23 07:19:23', 0, 90),
(841, 'LP12A', '', '', 0, 0, 15, '2023-10-23 07:19:23', 0, 90),
(842, 'LR12A', '', '', 0, 0, 15, '2023-10-23 07:19:23', 0, 90),
(843, 'LP12B', '', '', 0, 0, 15, '2023-10-23 07:19:23', 0, 90),
(844, 'LR12B', '', '', 0, 0, 15, '2023-10-23 07:19:23', 0, 90),
(845, 'LP12C', '', '', 0, 0, 15, '2023-10-23 07:19:23', 0, 90),
(846, 'LR12C', '', '', 0, 0, 15, '2023-10-23 07:19:23', 0, 90),
(847, 'LP12D', '', '', 0, 0, 15, '2023-10-23 07:19:23', 0, 90),
(848, 'LR12D', '', '', 0, 0, 15, '2023-10-23 07:19:23', 0, 90),
(849, 'LP13A', '', '', 0, 0, 15, '2023-10-23 07:19:23', 0, 90),
(850, 'LR13A', '', '', 0, 0, 15, '2023-10-23 07:19:23', 0, 90),
(851, 'LP13B', '', '', 0, 0, 15, '2023-10-23 07:19:23', 0, 90),
(852, 'LR13B', '', '', 0, 0, 15, '2023-10-23 07:19:23', 0, 90),
(853, 'LP13C', '', '', 0, 0, 15, '2023-10-23 07:19:23', 0, 90),
(854, 'LR13C', '', '', 0, 0, 15, '2023-10-23 07:19:23', 0, 90),
(855, 'LP13D', '', '', 0, 0, 15, '2023-10-23 07:19:23', 0, 90),
(856, 'LR13D', '', '', 0, 0, 15, '2023-10-23 07:19:23', 0, 90),
(857, 'LP10A', '', '', 0, 0, 15, '2023-10-23 07:19:23', 0, 90),
(858, 'LR10A', '', '', 0, 0, 15, '2023-10-23 07:19:23', 0, 90),
(859, 'LP10B', '', '', 0, 0, 15, '2023-10-23 07:19:23', 0, 90),
(860, 'LR10B', '', '', 0, 0, 15, '2023-10-23 07:19:23', 0, 90),
(861, 'LP10C', '', '', 0, 0, 15, '2023-10-23 07:19:23', 0, 90),
(862, 'LR10C', '', '', 0, 0, 15, '2023-10-23 07:19:23', 0, 90),
(863, 'LP10D', '', '', 0, 0, 15, '2023-10-23 07:19:23', 0, 90),
(864, 'LR10D', '', '', 0, 0, 15, '2023-10-23 07:19:23', 0, 90),
(865, 'LP8A', '', '', 0, 0, 15, '2023-10-23 07:19:23', 0, 90),
(866, 'LR8A', '', '', 0, 0, 15, '2023-10-23 07:19:23', 0, 90),
(867, 'LP8B', '', '', 0, 0, 15, '2023-10-23 07:19:23', 0, 90),
(868, 'LR8B', '', '', 0, 0, 15, '2023-10-23 07:19:23', 0, 90),
(869, 'LP8C', '', '', 0, 0, 15, '2023-10-23 07:19:23', 0, 90),
(870, 'LR8C', '', '', 0, 0, 15, '2023-10-23 07:19:23', 0, 90),
(871, 'LP8D', '', '', 0, 0, 15, '2023-10-23 07:19:23', 0, 90),
(872, 'LR8D', '', '', 0, 0, 15, '2023-10-23 07:19:23', 0, 90),
(873, 'LP7A', '', '', 0, 0, 15, '2023-10-23 07:19:23', 0, 90),
(874, 'LR7A', '', '', 0, 0, 15, '2023-10-23 07:19:23', 0, 90),
(875, 'LP7B', '', '', 0, 0, 15, '2023-10-23 07:19:23', 0, 90),
(876, 'LR7B', '', '', 0, 0, 15, '2023-10-23 07:19:23', 0, 90),
(877, 'LP7C', '', '', 0, 0, 15, '2023-10-23 07:19:23', 0, 90),
(878, 'LR7C', '', '', 0, 0, 15, '2023-10-23 07:19:23', 0, 90),
(879, 'LP7D', '', '', 0, 0, 15, '2023-10-23 07:19:23', 0, 90),
(880, 'LR7D', '', '', 0, 0, 15, '2023-10-23 07:19:23', 0, 90),
(881, 'LP9A', '', '', 0, 0, 15, '2023-10-23 07:19:23', 0, 90),
(882, 'LR9A', '', '', 0, 0, 15, '2023-10-23 07:19:23', 0, 90),
(883, 'LP9B', '', '', 0, 0, 15, '2023-10-23 07:19:23', 0, 90),
(884, 'LR9B', '', '', 0, 0, 15, '2023-10-23 07:19:23', 0, 90),
(885, 'LP9C', '', '', 0, 0, 15, '2023-10-23 07:19:23', 0, 90),
(886, 'LR9C', '', '', 0, 0, 15, '2023-10-23 07:19:23', 0, 90),
(887, 'LP9D', '', '', 0, 0, 15, '2023-10-23 07:19:23', 0, 90),
(888, 'LR9D', '', '', 0, 0, 15, '2023-10-23 07:19:23', 0, 90),
(889, 'DIT 10', '', '', 0, 0, 15, '2023-10-23 07:19:23', 0, 90),
(890, 'DIT 3', '', '', 0, 0, 15, '2023-10-23 07:19:23', 0, 90),
(891, 'DIT 4', '', '', 0, 0, 15, '2023-10-23 07:19:23', 0, 90),
(892, 'DIT 5', '', '', 0, 0, 15, '2023-10-23 07:19:23', 0, 90),
(893, 'DIT 6', '', '', 0, 0, 15, '2023-10-23 07:19:23', 0, 90),
(894, 'DIT 7', '', '', 0, 0, 15, '2023-10-23 07:19:23', 0, 90),
(895, 'DIT 8', '', '', 0, 0, 15, '2023-10-23 07:19:23', 0, 90),
(896, 'DIT 9', '', '', 0, 0, 15, '2023-10-23 07:19:23', 0, 90),
(897, 'M10A', '', '', 0, 0, 15, '2023-10-23 07:19:23', 0, 90),
(898, 'M10B', '', '', 0, 0, 15, '2023-10-23 07:19:23', 0, 90),
(899, 'M10C', '', '', 0, 0, 15, '2023-10-23 07:19:23', 0, 90),
(900, 'M10D', '', '', 0, 0, 15, '2023-10-23 07:19:23', 0, 90),
(901, 'M11A', '', '', 0, 0, 15, '2023-10-23 07:19:23', 0, 90),
(902, 'M11B', '', '', 0, 0, 15, '2023-10-23 07:19:23', 0, 90),
(903, 'M11C', '', '', 0, 0, 15, '2023-10-23 07:19:23', 0, 90),
(904, 'M11D', '', '', 0, 0, 15, '2023-10-23 07:19:23', 0, 90),
(905, 'M11E', '', '', 0, 0, 15, '2023-10-23 07:19:23', 0, 90),
(906, 'M12A', '', '', 0, 0, 15, '2023-10-23 07:19:23', 0, 90),
(907, 'M12B', '', '', 0, 0, 15, '2023-10-23 07:19:23', 0, 90),
(908, 'M12C', '', '', 0, 0, 15, '2023-10-23 07:19:23', 0, 90),
(909, 'M12D', '', '', 0, 0, 15, '2023-10-23 07:19:23', 0, 90),
(910, 'M12E', '', '', 0, 0, 15, '2023-10-23 07:19:23', 0, 90),
(911, 'M12F', '', '', 0, 0, 15, '2023-10-23 07:19:23', 0, 90),
(912, 'M12G', '', '', 0, 0, 15, '2023-10-23 07:19:23', 0, 90),
(913, 'M12H', '', '', 0, 0, 15, '2023-10-23 07:19:23', 0, 90),
(914, 'M1A', '', '', 0, 0, 15, '2023-10-23 07:19:23', 0, 90),
(915, 'M1B', '', '', 0, 0, 15, '2023-10-23 07:19:23', 0, 90),
(916, 'M1C', '', '', 0, 0, 15, '2023-10-23 07:19:23', 0, 90),
(917, 'M1D', '', '', 0, 0, 15, '2023-10-23 07:19:23', 0, 90),
(918, 'M2A', '', '', 0, 0, 15, '2023-10-23 07:19:23', 0, 90),
(919, 'M2B', '', '', 0, 0, 15, '2023-10-23 07:19:23', 0, 90),
(920, 'M2C', '', '', 0, 0, 15, '2023-10-23 07:19:23', 0, 90),
(921, 'M2D', '', '', 0, 0, 15, '2023-10-23 07:19:23', 0, 90),
(922, 'M3A', '', '', 0, 0, 15, '2023-10-23 07:19:23', 0, 90),
(923, 'M3B', '', '', 0, 0, 15, '2023-10-23 07:19:23', 0, 90),
(924, 'M3C', '', '', 0, 0, 15, '2023-10-23 07:19:23', 0, 90),
(925, 'M3D', '', '', 0, 0, 15, '2023-10-23 07:19:23', 0, 90),
(926, 'M4A', '', '', 0, 0, 15, '2023-10-23 07:19:23', 0, 90),
(927, 'M4B', '', '', 0, 0, 15, '2023-10-23 07:19:23', 0, 90),
(928, 'M4C', '', '', 0, 0, 15, '2023-10-23 07:19:23', 0, 90),
(929, 'M5A', '', '', 0, 0, 15, '2023-10-23 07:19:23', 0, 90),
(930, 'M5B', '', '', 0, 0, 15, '2023-10-23 07:19:23', 0, 90),
(931, 'M5C', '', '', 0, 0, 15, '2023-10-23 07:19:23', 0, 90),
(932, 'M5D', '', '', 0, 0, 15, '2023-10-23 07:19:23', 0, 90),
(933, 'M6A', '', '', 0, 0, 15, '2023-10-23 07:19:23', 0, 90),
(934, 'M6B', '', '', 0, 0, 15, '2023-10-23 07:19:23', 0, 90),
(935, 'M6C', '', '', 0, 0, 15, '2023-10-23 07:19:23', 0, 90),
(936, 'M6D', '', '', 0, 0, 15, '2023-10-23 07:19:23', 0, 90),
(937, 'M6E', '', '', 0, 0, 15, '2023-10-23 07:19:23', 0, 90),
(938, 'M7A', '', '', 0, 0, 15, '2023-10-23 07:19:23', 0, 90),
(939, 'M7B', '', '', 0, 0, 15, '2023-10-23 07:19:23', 0, 90),
(940, 'M7D', '', '', 0, 0, 15, '2023-10-23 07:19:23', 0, 90),
(941, 'M8A', '', '', 0, 0, 15, '2023-10-23 07:19:23', 0, 90),
(942, 'M8B', '', '', 0, 0, 15, '2023-10-23 07:19:23', 0, 90),
(943, 'M8C', '', '', 0, 0, 15, '2023-10-23 07:19:23', 0, 90),
(944, 'M8D', '', '', 0, 0, 15, '2023-10-23 07:19:23', 0, 90),
(945, 'M9A', '', '', 0, 0, 15, '2023-10-23 07:19:23', 0, 90),
(946, 'M9B', '', '', 0, 0, 15, '2023-10-23 07:19:23', 0, 90),
(947, 'M9C', '', '', 0, 0, 15, '2023-10-23 07:19:23', 0, 90),
(948, 'M9D', '', '', 0, 0, 15, '2023-10-23 07:19:23', 0, 90),
(949, 'NP10A', '', '', 0, 0, 15, '2023-10-23 07:19:23', 0, 90),
(950, 'NP10B', '', '', 0, 0, 15, '2023-10-23 07:19:23', 0, 90),
(951, 'NP10C', '', '', 0, 0, 15, '2023-10-23 07:19:23', 0, 90),
(952, 'NP10D', '', '', 0, 0, 15, '2023-10-23 07:19:23', 0, 90),
(953, 'NP11A', '', '', 0, 0, 15, '2023-10-23 07:19:23', 0, 90),
(954, 'NP11B', '', '', 0, 0, 15, '2023-10-23 07:19:23', 0, 90),
(955, 'NP11C', '', '', 0, 0, 15, '2023-10-23 07:19:23', 0, 90),
(956, 'NP11D', '', '', 0, 0, 15, '2023-10-23 07:19:23', 0, 90),
(957, 'NP12A', '', '', 0, 0, 15, '2023-10-23 07:19:23', 0, 90),
(958, 'NP12B', '', '', 0, 0, 15, '2023-10-23 07:19:23', 0, 90),
(959, 'NP12C', '', '', 0, 0, 15, '2023-10-23 07:19:23', 0, 90),
(960, 'NP12D', '', '', 0, 0, 15, '2023-10-23 07:19:23', 0, 90),
(961, 'NP13A', '', '', 0, 0, 15, '2023-10-23 07:19:23', 0, 90),
(962, 'NP13B', '', '', 0, 0, 15, '2023-10-23 07:19:23', 0, 90),
(963, 'NP13C', '', '', 0, 0, 15, '2023-10-23 07:19:23', 0, 90),
(964, 'NP13D', '', '', 0, 0, 15, '2023-10-23 07:19:23', 0, 90),
(965, 'NP14A', '', '', 0, 0, 15, '2023-10-23 07:19:23', 0, 90),
(966, 'NP14B', '', '', 0, 0, 15, '2023-10-23 07:19:23', 0, 90),
(967, 'NP14C', '', '', 0, 0, 15, '2023-10-23 07:19:23', 0, 90),
(968, 'NP14D', '', '', 0, 0, 15, '2023-10-23 07:19:23', 0, 90),
(969, 'NP15A', '', '', 0, 0, 15, '2023-10-23 07:19:23', 0, 90),
(970, 'NP15B', '', '', 0, 0, 15, '2023-10-23 07:19:23', 0, 90),
(971, 'NP15C', '', '', 0, 0, 15, '2023-10-23 07:19:23', 0, 90),
(972, 'NP15D', '', '', 0, 0, 15, '2023-10-23 07:19:23', 0, 90),
(973, 'NP16A', '', '', 0, 0, 15, '2023-10-23 07:19:23', 0, 90),
(974, 'NP16B', '', '', 0, 0, 15, '2023-10-23 07:19:23', 0, 90),
(975, 'NP16C', '', '', 0, 0, 15, '2023-10-23 07:19:23', 0, 90),
(976, 'NP16D', '', '', 0, 0, 15, '2023-10-23 07:19:23', 0, 90),
(977, 'NP17A', '', '', 0, 0, 15, '2023-10-23 07:19:23', 0, 90),
(978, 'NP17B', '', '', 0, 0, 15, '2023-10-23 07:19:23', 0, 90),
(979, 'NP17C', '', '', 0, 0, 15, '2023-10-23 07:19:23', 0, 90),
(980, 'NP17D', '', '', 0, 0, 15, '2023-10-23 07:19:23', 0, 90),
(981, 'NP18A', '', '', 0, 0, 15, '2023-10-23 07:19:23', 0, 90),
(982, 'NP18B', '', '', 0, 0, 15, '2023-10-23 07:19:23', 0, 90),
(983, 'NP18C', '', '', 0, 0, 15, '2023-10-23 07:19:23', 0, 90),
(984, 'NP18D', '', '', 0, 0, 15, '2023-10-23 07:19:23', 0, 90),
(985, 'NR19A', '', '', 0, 0, 15, '2023-10-23 07:19:23', 0, 90),
(986, 'NR19B', '', '', 0, 0, 15, '2023-10-23 07:19:23', 0, 90),
(987, 'NR19C', '', '', 0, 0, 15, '2023-10-23 07:19:23', 0, 90),
(988, 'NR19D', '', '', 0, 0, 15, '2023-10-23 07:19:23', 0, 90),
(989, 'NP1A', '', '', 0, 0, 15, '2023-10-23 07:19:23', 0, 90),
(990, 'NR1A', '', '', 0, 0, 15, '2023-10-23 07:19:23', 0, 90),
(991, 'NP1B', '', '', 0, 0, 15, '2023-10-23 07:19:23', 0, 90),
(992, 'NR1B', '', '', 0, 0, 15, '2023-10-23 07:19:23', 0, 90),
(993, 'NP1C', '', '', 0, 0, 15, '2023-10-23 07:19:23', 0, 90),
(994, 'NR1C', '', '', 0, 0, 15, '2023-10-23 07:19:23', 0, 90),
(995, 'NP1D', '', '', 0, 0, 15, '2023-10-23 07:19:23', 0, 90),
(996, 'NR1D', '', '', 0, 0, 15, '2023-10-23 07:19:23', 0, 90),
(997, 'NR1E', '', '', 0, 0, 15, '2023-10-23 07:19:23', 0, 90),
(998, 'NR1F', '', '', 0, 0, 15, '2023-10-23 07:19:23', 0, 90),
(999, 'NP2A', '', '', 0, 0, 15, '2023-10-23 07:19:23', 0, 90),
(1000, 'NR2A', '', '', 0, 0, 15, '2023-10-23 07:19:23', 0, 90),
(1001, 'NP2B', '', '', 0, 0, 15, '2023-10-23 07:19:23', 0, 90),
(1002, 'NR2B', '', '', 0, 0, 15, '2023-10-23 07:19:23', 0, 90),
(1003, 'NP2C', '', '', 0, 0, 15, '2023-10-23 07:19:23', 0, 90),
(1004, 'NR2C', '', '', 0, 0, 15, '2023-10-23 07:19:23', 0, 90),
(1005, 'NP2D', '', '', 0, 0, 15, '2023-10-23 07:19:23', 0, 90),
(1006, 'NR2D', '', '', 0, 0, 15, '2023-10-23 07:19:23', 0, 90),
(1007, 'NR2E', '', '', 0, 0, 15, '2023-10-23 07:19:23', 0, 90),
(1008, 'NR2G', '', '', 0, 0, 15, '2023-10-23 07:19:23', 0, 90),
(1009, 'NR2F', '', '', 0, 0, 15, '2023-10-23 07:19:23', 0, 90),
(1010, 'NP3A', '', '', 0, 0, 15, '2023-10-23 07:19:23', 0, 90),
(1011, 'NP3B', '', '', 0, 0, 15, '2023-10-23 07:19:23', 0, 90),
(1012, 'NP3C', '', '', 0, 0, 15, '2023-10-23 07:19:23', 0, 90),
(1013, 'NP3D', '', '', 0, 0, 15, '2023-10-23 07:19:23', 0, 90),
(1014, 'NR3E', '', '', 0, 0, 15, '2023-10-23 07:19:23', 0, 90),
(1015, 'NR3F', '', '', 0, 0, 15, '2023-10-23 07:19:23', 0, 90),
(1016, 'NP4A', '', '', 0, 0, 15, '2023-10-23 07:19:23', 0, 90),
(1017, 'NP4B', '', '', 0, 0, 15, '2023-10-23 07:19:23', 0, 90),
(1018, 'NP4C', '', '', 0, 0, 15, '2023-10-23 07:19:23', 0, 90),
(1019, 'NP4D', '', '', 0, 0, 15, '2023-10-23 07:19:23', 0, 90),
(1020, 'NP5A', '', '', 0, 0, 15, '2023-10-23 07:19:23', 0, 90),
(1021, 'NP5B', '', '', 0, 0, 15, '2023-10-23 07:19:23', 0, 90),
(1022, 'NP5C', '', '', 0, 0, 15, '2023-10-23 07:19:23', 0, 90),
(1023, 'NP5D', '', '', 0, 0, 15, '2023-10-23 07:19:23', 0, 90),
(1024, 'NP6A', '', '', 0, 0, 15, '2023-10-23 07:19:23', 0, 90),
(1025, 'NP6B', '', '', 0, 0, 15, '2023-10-23 07:19:23', 0, 90),
(1026, 'NP6C', '', '', 0, 0, 15, '2023-10-23 07:19:23', 0, 90),
(1027, 'NP6D', '', '', 0, 0, 15, '2023-10-23 07:19:23', 0, 90),
(1028, 'NP7A', '', '', 0, 0, 15, '2023-10-23 07:19:23', 0, 90),
(1029, 'NP7B', '', '', 0, 0, 15, '2023-10-23 07:19:23', 0, 90),
(1030, 'NP7C', '', '', 0, 0, 15, '2023-10-23 07:19:23', 0, 90),
(1031, 'NP7D', '', '', 0, 0, 15, '2023-10-23 07:19:23', 0, 90),
(1032, 'NR7E', '', '', 0, 0, 15, '2023-10-23 07:19:23', 0, 90),
(1033, 'NP8A', '', '', 0, 0, 15, '2023-10-23 07:19:23', 0, 90),
(1034, 'NP8B', '', '', 0, 0, 15, '2023-10-23 07:19:23', 0, 90),
(1035, 'NP8C', '', '', 0, 0, 15, '2023-10-23 07:19:23', 0, 90),
(1036, 'NP8D', '', '', 0, 0, 15, '2023-10-23 07:19:23', 0, 90),
(1037, 'NP9A', '', '', 0, 0, 15, '2023-10-23 07:19:23', 0, 90),
(1038, 'NP9B', '', '', 0, 0, 15, '2023-10-23 07:19:23', 0, 90),
(1039, 'NP9C', '', '', 0, 0, 15, '2023-10-23 07:19:23', 0, 90),
(1040, 'NP9D', '', '', 0, 0, 15, '2023-10-23 07:19:23', 0, 90),
(1041, 'OP9A', '', '', 0, 0, 15, '2023-10-23 07:19:23', 0, 90),
(1042, 'OR9A', '', '', 0, 0, 15, '2023-10-23 07:19:23', 0, 90),
(1043, 'OP9B', '', '', 0, 0, 15, '2023-10-23 07:19:23', 0, 90),
(1044, 'OR9B', '', '', 0, 0, 15, '2023-10-23 07:19:23', 0, 90),
(1045, 'OP9C', '', '', 0, 0, 15, '2023-10-23 07:19:23', 0, 90),
(1046, 'OR9C', '', '', 0, 0, 15, '2023-10-23 07:19:23', 0, 90),
(1047, 'OP9D', '', '', 0, 0, 15, '2023-10-23 07:19:23', 0, 90),
(1048, 'OR9D', '', '', 0, 0, 15, '2023-10-23 07:19:23', 0, 90),
(1049, 'OP10A', '', '', 0, 0, 15, '2023-10-23 07:19:23', 0, 90),
(1050, 'OR10A', '', '', 0, 0, 15, '2023-10-23 07:19:23', 0, 90),
(1051, 'OP10B', '', '', 0, 0, 15, '2023-10-23 07:19:23', 0, 90),
(1052, 'OR10B', '', '', 0, 0, 15, '2023-10-23 07:19:23', 0, 90),
(1053, 'OP10C', '', '', 0, 0, 15, '2023-10-23 07:19:23', 0, 90),
(1054, 'OR10C', '', '', 0, 0, 15, '2023-10-23 07:19:23', 0, 90),
(1055, 'OP10D', '', '', 0, 0, 15, '2023-10-23 07:19:23', 0, 90),
(1056, 'OR10D', '', '', 0, 0, 15, '2023-10-23 07:19:23', 0, 90),
(1057, 'OP11A', '', '', 0, 0, 15, '2023-10-23 07:19:23', 0, 90),
(1058, 'OP11B', '', '', 0, 0, 15, '2023-10-23 07:19:23', 0, 90),
(1059, 'OP11C', '', '', 0, 0, 15, '2023-10-23 07:19:23', 0, 90),
(1060, 'OP11D', '', '', 0, 0, 15, '2023-10-23 07:19:23', 0, 90),
(1061, 'OP1A', '', '', 0, 0, 15, '2023-10-23 07:19:23', 0, 90),
(1062, 'OR1A', '', '', 0, 0, 15, '2023-10-23 07:19:23', 0, 90),
(1063, 'OP1B', '', '', 0, 0, 15, '2023-10-23 07:19:23', 0, 90),
(1064, 'OR1B', '', '', 0, 0, 15, '2023-10-23 07:19:23', 0, 90),
(1065, 'OP1C', '', '', 0, 0, 15, '2023-10-23 07:19:23', 0, 90),
(1066, 'OR1C', '', '', 0, 0, 15, '2023-10-23 07:19:23', 0, 90),
(1067, 'OP1D', '', '', 0, 0, 15, '2023-10-23 07:19:23', 0, 90),
(1068, 'OR1D', '', '', 0, 0, 15, '2023-10-23 07:19:23', 0, 90),
(1069, 'OP2A', '', '', 0, 0, 15, '2023-10-23 07:19:23', 0, 90),
(1070, 'OR2A', '', '', 0, 0, 15, '2023-10-23 07:19:23', 0, 90),
(1071, 'OP2B', '', '', 0, 0, 15, '2023-10-23 07:19:23', 0, 90),
(1072, 'OR2B', '', '', 0, 0, 15, '2023-10-23 07:19:23', 0, 90),
(1073, 'OP2C', '', '', 0, 0, 15, '2023-10-23 07:19:23', 0, 90),
(1074, 'OR2C', '', '', 0, 0, 15, '2023-10-23 07:19:23', 0, 90),
(1075, 'OP2D', '', '', 0, 0, 15, '2023-10-23 07:19:23', 0, 90),
(1076, 'OR2D', '', '', 0, 0, 15, '2023-10-23 07:19:23', 0, 90),
(1077, 'OR2E', '', '', 0, 0, 15, '2023-10-23 07:19:23', 0, 90),
(1078, 'OR2F', '', '', 0, 0, 15, '2023-10-23 07:19:23', 0, 90),
(1079, 'OR2G', '', '', 0, 0, 15, '2023-10-23 07:19:23', 0, 90),
(1080, 'OR2H', '', '', 0, 0, 15, '2023-10-23 07:19:23', 0, 90),
(1081, 'OP3A', '', '', 0, 0, 15, '2023-10-23 07:19:23', 0, 90),
(1082, 'OP3B', '', '', 0, 0, 15, '2023-10-23 07:19:23', 0, 90),
(1083, 'OP3C', '', '', 0, 0, 15, '2023-10-23 07:19:23', 0, 90),
(1084, 'OP3D', '', '', 0, 0, 15, '2023-10-23 07:19:23', 0, 90),
(1085, 'OP4A', '', '', 0, 0, 15, '2023-10-23 07:19:23', 0, 90),
(1086, 'OP4B', '', '', 0, 0, 15, '2023-10-23 07:19:23', 0, 90),
(1087, 'OP4C', '', '', 0, 0, 15, '2023-10-23 07:19:23', 0, 90),
(1088, 'OP4D', '', '', 0, 0, 15, '2023-10-23 07:19:23', 0, 90),
(1089, 'OR4E', '', '', 0, 0, 15, '2023-10-23 07:19:23', 0, 90),
(1090, 'OR4F', '', '', 0, 0, 15, '2023-10-23 07:19:23', 0, 90),
(1091, 'OR4G', '', '', 0, 0, 15, '2023-10-23 07:19:23', 0, 90),
(1092, 'OP5A', '', '', 0, 0, 15, '2023-10-23 07:19:23', 0, 90),
(1093, 'OR5A', '', '', 0, 0, 15, '2023-10-23 07:19:23', 0, 90),
(1094, 'OP5B', '', '', 0, 0, 15, '2023-10-23 07:19:23', 0, 90),
(1095, 'OP5B', '', '', 0, 0, 15, '2023-10-23 07:19:23', 0, 90),
(1096, 'OP5C', '', '', 0, 0, 15, '2023-10-23 07:19:23', 0, 90),
(1097, 'OP5D', '', '', 0, 0, 15, '2023-10-23 07:19:23', 0, 90),
(1098, 'OP5D', '', '', 0, 0, 15, '2023-10-23 07:19:23', 0, 90),
(1099, 'OR5D', '', '', 0, 0, 15, '2023-10-23 07:19:23', 0, 90),
(1100, 'OR5D', '', '', 0, 0, 15, '2023-10-23 07:19:23', 0, 90),
(1101, 'OR5C', '', '', 0, 0, 15, '2023-10-23 07:19:23', 0, 90),
(1102, 'OP6A', '', '', 0, 0, 15, '2023-10-23 07:19:23', 0, 90),
(1103, 'OR6A', '', '', 0, 0, 15, '2023-10-23 07:19:23', 0, 90),
(1104, 'OP6B', '', '', 0, 0, 15, '2023-10-23 07:19:23', 0, 90),
(1105, 'OR6B', '', '', 0, 0, 15, '2023-10-23 07:19:23', 0, 90),
(1106, 'OP6C', '', '', 0, 0, 15, '2023-10-23 07:19:23', 0, 90),
(1107, 'OR6C', '', '', 0, 0, 15, '2023-10-23 07:19:23', 0, 90),
(1108, 'OP6D', '', '', 0, 0, 15, '2023-10-23 07:19:23', 0, 90),
(1109, 'OR6D', '', '', 0, 0, 15, '2023-10-23 07:19:23', 0, 90),
(1110, 'OP7D', '', '', 0, 0, 15, '2023-10-23 07:19:23', 0, 90),
(1111, 'OR7D', '', '', 0, 0, 15, '2023-10-23 07:19:23', 0, 90),
(1112, 'OP7C', '', '', 0, 0, 15, '2023-10-23 07:19:23', 0, 90),
(1113, 'OR7C', '', '', 0, 0, 15, '2023-10-23 07:19:23', 0, 90),
(1114, 'OP7B', '', '', 0, 0, 15, '2023-10-23 07:19:23', 0, 90),
(1115, 'OR7B', '', '', 0, 0, 15, '2023-10-23 07:19:23', 0, 90),
(1116, 'OP7A', '', '', 0, 0, 15, '2023-10-23 07:19:23', 0, 90),
(1117, 'OR7A', '', '', 0, 0, 15, '2023-10-23 07:19:23', 0, 90),
(1118, 'OP8D', '', '', 0, 0, 15, '2023-10-23 07:19:23', 0, 90),
(1119, 'OR8D', '', '', 0, 0, 15, '2023-10-23 07:19:23', 0, 90),
(1120, 'OP8C', '', '', 0, 0, 15, '2023-10-23 07:19:23', 0, 90),
(1121, 'OR8C', '', '', 0, 0, 15, '2023-10-23 07:19:23', 0, 90),
(1122, 'OP8B', '', '', 0, 0, 15, '2023-10-23 07:19:23', 0, 90),
(1123, 'OR8B', '', '', 0, 0, 15, '2023-10-23 07:19:23', 0, 90),
(1124, 'OP8A', '', '', 0, 0, 15, '2023-10-23 07:19:23', 0, 90),
(1125, 'OR8A', '', '', 0, 0, 15, '2023-10-23 07:19:23', 0, 90),
(1126, 'OR9A', '', '', 0, 0, 15, '2023-10-23 07:19:23', 0, 90),
(1127, 'OR9B', '', '', 0, 0, 15, '2023-10-23 07:19:23', 0, 90),
(1128, 'TP10A', '', '', 0, 0, 15, '2023-10-23 07:19:23', 0, 90),
(1129, 'TP10B', '', '', 0, 0, 15, '2023-10-23 07:19:23', 0, 90),
(1130, 'TP10C', '', '', 0, 0, 15, '2023-10-23 07:19:23', 0, 90),
(1131, 'TP10D', '', '', 0, 0, 15, '2023-10-23 07:19:23', 0, 90),
(1132, 'TP11A', '', '', 0, 0, 15, '2023-10-23 07:19:23', 0, 90),
(1133, 'TP11B', '', '', 0, 0, 15, '2023-10-23 07:19:23', 0, 90),
(1134, 'TP11C', '', '', 0, 0, 15, '2023-10-23 07:19:23', 0, 90),
(1135, 'TP11D', '', '', 0, 0, 15, '2023-10-23 07:19:23', 0, 90),
(1136, 'TP12A', '', '', 0, 0, 15, '2023-10-23 07:19:23', 0, 90),
(1137, 'TP12B', '', '', 0, 0, 15, '2023-10-23 07:19:23', 0, 90),
(1138, 'TP12C', '', '', 0, 0, 15, '2023-10-23 07:19:23', 0, 90),
(1139, 'TP12D', '', '', 0, 0, 15, '2023-10-23 07:19:23', 0, 90),
(1140, 'TP13A', '', '', 0, 0, 15, '2023-10-23 07:19:23', 0, 90),
(1141, 'TP13B', '', '', 0, 0, 15, '2023-10-23 07:19:23', 0, 90),
(1142, 'TP13C', '', '', 0, 0, 15, '2023-10-23 07:19:23', 0, 90),
(1143, 'TP13D', '', '', 0, 0, 15, '2023-10-23 07:19:23', 0, 90),
(1144, 'TP1A', '', '', 0, 0, 15, '2023-10-23 07:19:23', 0, 90),
(1145, 'TP1B', '', '', 0, 0, 15, '2023-10-23 07:19:23', 0, 90),
(1146, 'TP1C', '', '', 0, 0, 15, '2023-10-23 07:19:23', 0, 90),
(1147, 'TP1D', '', '', 0, 0, 15, '2023-10-23 07:19:23', 0, 90),
(1148, 'TP2A', '', '', 0, 0, 15, '2023-10-23 07:19:23', 0, 90),
(1149, 'TP2B', '', '', 0, 0, 15, '2023-10-23 07:19:23', 0, 90),
(1150, 'TP2C', '', '', 0, 0, 15, '2023-10-23 07:19:23', 0, 90),
(1151, 'TP2D', '', '', 0, 0, 15, '2023-10-23 07:19:23', 0, 90),
(1152, 'TP3A', '', '', 0, 0, 15, '2023-10-23 07:19:23', 0, 90),
(1153, 'TP3B', '', '', 0, 0, 15, '2023-10-23 07:19:23', 0, 90),
(1154, 'TP3C', '', '', 0, 0, 15, '2023-10-23 07:19:23', 0, 90),
(1155, 'TP3C', '', '', 0, 0, 15, '2023-10-23 07:19:23', 0, 90),
(1156, 'TP3D', '', '', 0, 0, 15, '2023-10-23 07:19:23', 0, 90),
(1157, 'TP4A', '', '', 0, 0, 15, '2023-10-23 07:19:23', 0, 90),
(1158, 'TP4B', '', '', 0, 0, 15, '2023-10-23 07:19:23', 0, 90),
(1159, 'TP4C', '', '', 0, 0, 15, '2023-10-23 07:19:23', 0, 90),
(1160, 'TP4D', '', '', 0, 0, 15, '2023-10-23 07:19:23', 0, 90),
(1161, 'TP5A', '', '', 0, 0, 15, '2023-10-23 07:19:23', 0, 90),
(1162, 'TP5B', '', '', 0, 0, 15, '2023-10-23 07:19:23', 0, 90),
(1163, 'TP5C', '', '', 0, 0, 15, '2023-10-23 07:19:23', 0, 90),
(1164, 'TP5D', '', '', 0, 0, 15, '2023-10-23 07:19:23', 0, 90),
(1165, 'TP6A', '', '', 0, 0, 15, '2023-10-23 07:19:23', 0, 90),
(1166, 'TP6B', '', '', 0, 0, 15, '2023-10-23 07:19:23', 0, 90),
(1167, 'TP6C', '', '', 0, 0, 15, '2023-10-23 07:19:23', 0, 90),
(1168, 'TP6D', '', '', 0, 0, 15, '2023-10-23 07:19:23', 0, 90),
(1169, 'TP7A', '', '', 0, 0, 15, '2023-10-23 07:19:23', 0, 90),
(1170, 'TP7B', '', '', 0, 0, 15, '2023-10-23 07:19:23', 0, 90),
(1171, 'TP7C', '', '', 0, 0, 15, '2023-10-23 07:19:23', 0, 90),
(1172, 'TP7D', '', '', 0, 0, 15, '2023-10-23 07:19:23', 0, 90),
(1173, 'TP8A', '', '', 0, 0, 15, '2023-10-23 07:19:23', 0, 90),
(1174, 'TP8B', '', '', 0, 0, 15, '2023-10-23 07:19:23', 0, 90),
(1175, 'TP8C', '', '', 0, 0, 15, '2023-10-23 07:19:23', 0, 90),
(1176, 'TP8D', '', '', 0, 0, 15, '2023-10-23 07:19:23', 0, 90),
(1177, 'TP9A', '', '', 0, 0, 15, '2023-10-23 07:19:23', 0, 90),
(1178, 'TP9B', '', '', 0, 0, 15, '2023-10-23 07:19:23', 0, 90),
(1179, 'TP9C', '', '', 0, 0, 15, '2023-10-23 07:19:23', 0, 90),
(1180, 'TP9D', '', '', 0, 0, 15, '2023-10-23 07:19:23', 0, 90),
(1181, 'TR10A', '', '', 0, 0, 15, '2023-10-23 07:19:23', 0, 90),
(1182, 'TR10B', '', '', 0, 0, 15, '2023-10-23 07:19:23', 0, 90),
(1183, 'TR10C', '', '', 0, 0, 15, '2023-10-23 07:19:23', 0, 90),
(1184, 'TR10D', '', '', 0, 0, 15, '2023-10-23 07:19:23', 0, 90),
(1185, 'TR11A', '', '', 0, 0, 15, '2023-10-23 07:19:23', 0, 90),
(1186, 'TR11B', '', '', 0, 0, 15, '2023-10-23 07:19:23', 0, 90),
(1187, 'TR11C', '', '', 0, 0, 15, '2023-10-23 07:19:23', 0, 90),
(1188, 'TR11D', '', '', 0, 0, 15, '2023-10-23 07:19:23', 0, 90),
(1189, 'TR12A', '', '', 0, 0, 15, '2023-10-23 07:19:23', 0, 90),
(1190, 'TR12B', '', '', 0, 0, 15, '2023-10-23 07:19:23', 0, 90),
(1191, 'TR12C', '', '', 0, 0, 15, '2023-10-23 07:19:23', 0, 90),
(1192, 'TR12D', '', '', 0, 0, 15, '2023-10-23 07:19:23', 0, 90),
(1193, 'TR13A', '', '', 0, 0, 15, '2023-10-23 07:19:23', 0, 90),
(1194, 'TR13B', '', '', 0, 0, 15, '2023-10-23 07:19:23', 0, 90),
(1195, 'TR13C', '', '', 0, 0, 15, '2023-10-23 07:19:23', 0, 90),
(1196, 'TR13D', '', '', 0, 0, 15, '2023-10-23 07:19:23', 0, 90),
(1197, 'TR1B', '', '', 0, 0, 15, '2023-10-23 07:19:23', 0, 90),
(1198, 'TR2B', '', '', 0, 0, 15, '2023-10-23 07:19:23', 0, 90),
(1199, 'TR2C', '', '', 0, 0, 15, '2023-10-23 07:19:23', 0, 90),
(1200, 'TR2D', '', '', 0, 0, 15, '2023-10-23 07:19:23', 0, 90),
(1201, 'TR3A', '', '', 0, 0, 15, '2023-10-23 07:19:23', 0, 90),
(1202, 'TR3B', '', '', 0, 0, 15, '2023-10-23 07:19:23', 0, 90),
(1203, 'TR3C', '', '', 0, 0, 15, '2023-10-23 07:19:23', 0, 90),
(1204, 'TR3D', '', '', 0, 0, 15, '2023-10-23 07:19:23', 0, 90),
(1205, 'TR4A', '', '', 0, 0, 15, '2023-10-23 07:19:23', 0, 90),
(1206, 'TR5A', '', '', 0, 0, 15, '2023-10-23 07:19:23', 0, 90),
(1207, 'TR5B', '', '', 0, 0, 15, '2023-10-23 07:19:23', 0, 90),
(1208, 'TR5C', '', '', 0, 0, 15, '2023-10-23 07:19:23', 0, 90),
(1209, 'TR5D', '', '', 0, 0, 15, '2023-10-23 07:19:23', 0, 90),
(1210, 'TR6A', '', '', 0, 0, 15, '2023-10-23 07:19:23', 0, 90),
(1211, 'TR6B', '', '', 0, 0, 15, '2023-10-23 07:19:23', 0, 90),
(1212, 'TR6C', '', '', 0, 0, 15, '2023-10-23 07:19:23', 0, 90),
(1213, 'TR6D', '', '', 0, 0, 15, '2023-10-23 07:19:23', 0, 90),
(1214, 'TR7A', '', '', 0, 0, 15, '2023-10-23 07:19:23', 0, 90),
(1215, 'TR7B', '', '', 0, 0, 15, '2023-10-23 07:19:23', 0, 90),
(1216, 'TR7C', '', '', 0, 0, 15, '2023-10-23 07:19:23', 0, 90),
(1217, 'TR7D', '', '', 0, 0, 15, '2023-10-23 07:19:23', 0, 90),
(1218, 'TR8A', '', '', 0, 0, 15, '2023-10-23 07:19:23', 0, 90),
(1219, 'TR8B', '', '', 0, 0, 15, '2023-10-23 07:19:23', 0, 90),
(1220, 'TR8C', '', '', 0, 0, 15, '2023-10-23 07:19:23', 0, 90),
(1221, 'TR9A', '', '', 0, 0, 15, '2023-10-23 07:19:23', 0, 90),
(1222, 'TR9B', '', '', 0, 0, 15, '2023-10-23 07:19:23', 0, 90),
(1223, 'TR9C', '', '', 0, 0, 15, '2023-10-23 07:19:23', 0, 90),
(1224, 'Farm Name', '', '', 0, 0, 15, '2023-10-23 07:19:23', 0, 90),
(1225, 'AP10A', '', '', 0, 0, 15, '2023-10-23 07:19:23', 0, 90),
(1226, 'AP10B', '', '', 0, 0, 15, '2023-10-23 07:19:23', 0, 90),
(1227, 'AP10C', '', '', 0, 0, 15, '2023-10-23 07:19:23', 0, 90),
(1228, 'AP10D', '', '', 0, 0, 15, '2023-10-23 07:19:23', 0, 90),
(1229, 'AP11A', '', '', 0, 0, 15, '2023-10-23 07:19:23', 0, 90),
(1230, 'AP11B', '', '', 0, 0, 15, '2023-10-23 07:19:23', 0, 90),
(1231, 'AP11C', '', '', 0, 0, 15, '2023-10-23 07:19:23', 0, 90),
(1232, 'AP11D', '', '', 0, 0, 15, '2023-10-23 07:19:23', 0, 90),
(1233, 'AP12A', '', '', 0, 0, 15, '2023-10-23 07:19:23', 0, 90),
(1234, 'AP12B', '', '', 0, 0, 15, '2023-10-23 07:19:23', 0, 90),
(1235, 'AP12C', '', '', 0, 0, 15, '2023-10-23 07:19:23', 0, 90),
(1236, 'AP12D', '', '', 0, 0, 15, '2023-10-23 07:19:23', 0, 90),
(1237, 'AP13A', '', '', 0, 0, 15, '2023-10-23 07:19:23', 0, 90),
(1238, 'AP13B', '', '', 0, 0, 15, '2023-10-23 07:19:23', 0, 90),
(1239, 'AP13C', '', '', 0, 0, 15, '2023-10-23 07:19:23', 0, 90),
(1240, 'AP13D', '', '', 0, 0, 15, '2023-10-23 07:19:23', 0, 90),
(1241, 'AP1A', '', '', 0, 0, 15, '2023-10-23 07:19:23', 0, 90),
(1242, 'AP1B', '', '', 0, 0, 15, '2023-10-23 07:19:23', 0, 90),
(1243, 'AP1C', '', '', 0, 0, 15, '2023-10-23 07:19:23', 0, 90),
(1244, 'AP1D', '', '', 0, 0, 15, '2023-10-23 07:19:23', 0, 90),
(1245, 'AP2A', '', '', 0, 0, 15, '2023-10-23 07:19:23', 0, 90),
(1246, 'AP2B', '', '', 0, 0, 15, '2023-10-23 07:19:23', 0, 90),
(1247, 'AP2C', '', '', 0, 0, 15, '2023-10-23 07:19:23', 0, 90),
(1248, 'AP2D', '', '', 0, 0, 15, '2023-10-23 07:19:23', 0, 90),
(1249, 'AP5A', '', '', 0, 0, 15, '2023-10-23 07:19:23', 0, 90),
(1250, 'AP5B', '', '', 0, 0, 15, '2023-10-23 07:19:23', 0, 90),
(1251, 'AP5C', '', '', 0, 0, 15, '2023-10-23 07:19:23', 0, 90),
(1252, 'AP5D', '', '', 0, 0, 15, '2023-10-23 07:19:23', 0, 90),
(1253, 'AP6A', '', '', 0, 0, 15, '2023-10-23 07:19:23', 0, 90),
(1254, 'AP6B', '', '', 0, 0, 15, '2023-10-23 07:19:23', 0, 90),
(1255, 'AP6C', '', '', 0, 0, 15, '2023-10-23 07:19:23', 0, 90),
(1256, 'AP6D', '', '', 0, 0, 15, '2023-10-23 07:19:23', 0, 90),
(1257, 'AP7A', '', '', 0, 0, 15, '2023-10-23 07:19:23', 0, 90),
(1258, 'AP7B', '', '', 0, 0, 15, '2023-10-23 07:19:23', 0, 90),
(1259, 'AP7C', '', '', 0, 0, 15, '2023-10-23 07:19:23', 0, 90),
(1260, 'AP7D', '', '', 0, 0, 15, '2023-10-23 07:19:23', 0, 90),
(1261, 'AP8A', '', '', 0, 0, 15, '2023-10-23 07:19:23', 0, 90),
(1262, 'AP8B', '', '', 0, 0, 15, '2023-10-23 07:19:23', 0, 90),
(1263, 'AP8C', '', '', 0, 0, 15, '2023-10-23 07:19:23', 0, 90),
(1264, 'AP8D', '', '', 0, 0, 15, '2023-10-23 07:19:23', 0, 90),
(1265, 'AP9A', '', '', 0, 0, 15, '2023-10-23 07:19:23', 0, 90),
(1266, 'AP9B', '', '', 0, 0, 15, '2023-10-23 07:19:23', 0, 90),
(1267, 'AP9C', '', '', 0, 0, 15, '2023-10-23 07:19:23', 0, 90),
(1268, 'AP9D', '', '', 0, 0, 15, '2023-10-23 07:19:23', 0, 90),
(1269, 'AR10B', '', '', 0, 0, 15, '2023-10-23 07:19:23', 0, 90),
(1270, 'AR10E', '', '', 0, 0, 15, '2023-10-23 07:19:23', 0, 90),
(1271, 'AR10F', '', '', 0, 0, 15, '2023-10-23 07:19:23', 0, 90),
(1272, 'AR11B', '', '', 0, 0, 15, '2023-10-23 07:19:23', 0, 90),
(1273, 'AR11D', '', '', 0, 0, 15, '2023-10-23 07:19:23', 0, 90),
(1274, 'AR12B', '', '', 0, 0, 15, '2023-10-23 07:19:23', 0, 90),
(1275, 'AR12C', '', '', 0, 0, 15, '2023-10-23 07:19:23', 0, 90),
(1276, 'AR12D', '', '', 0, 0, 15, '2023-10-23 07:19:23', 0, 90),
(1277, 'AR13A', '', '', 0, 0, 15, '2023-10-23 07:19:23', 0, 90),
(1278, 'AR13B', '', '', 0, 0, 15, '2023-10-23 07:19:23', 0, 90),
(1279, 'AR13D', '', '', 0, 0, 15, '2023-10-23 07:19:23', 0, 90),
(1280, 'AR13E', '', '', 0, 0, 15, '2023-10-23 07:19:23', 0, 90),
(1281, 'AR13F', '', '', 0, 0, 15, '2023-10-23 07:19:23', 0, 90),
(1282, 'AR1a', '', '', 0, 0, 15, '2023-10-23 07:19:23', 0, 90),
(1283, 'AR1B', '', '', 0, 0, 15, '2023-10-23 07:19:23', 0, 90),
(1284, 'AR1C', '', '', 0, 0, 15, '2023-10-23 07:19:23', 0, 90),
(1285, 'AR1D', '', '', 0, 0, 15, '2023-10-23 07:19:23', 0, 90),
(1286, 'AR3D', '', '', 0, 0, 15, '2023-10-23 07:19:23', 0, 90),
(1287, 'AR4D', '', '', 0, 0, 15, '2023-10-23 07:19:23', 0, 90),
(1288, 'AR4E', '', '', 0, 0, 15, '2023-10-23 07:19:23', 0, 90),
(1289, 'AR4F', '', '', 0, 0, 15, '2023-10-23 07:19:23', 0, 90),
(1290, 'AR5D', '', '', 0, 0, 15, '2023-10-23 07:19:23', 0, 90),
(1291, 'AR6B', '', '', 0, 0, 15, '2023-10-23 07:19:23', 0, 90),
(1292, 'AR6C', '', '', 0, 0, 15, '2023-10-23 07:19:23', 0, 90),
(1293, 'AR6D', '', '', 0, 0, 15, '2023-10-23 07:19:23', 0, 90),
(1294, 'AR7A', '', '', 0, 0, 15, '2023-10-23 07:19:23', 0, 90),
(1295, 'AR7D', '', '', 0, 0, 15, '2023-10-23 07:19:23', 0, 90),
(1296, 'AR8B', '', '', 0, 0, 15, '2023-10-23 07:19:23', 0, 90),
(1297, 'AR8C', '', '', 0, 0, 15, '2023-10-23 07:19:23', 0, 90),
(1298, 'AR8D', '', '', 0, 0, 15, '2023-10-23 07:19:23', 0, 90),
(1299, 'AR9C', '', '', 0, 0, 15, '2023-10-23 07:19:23', 0, 90),
(1300, 'BP1A', '', '', 0, 0, 15, '2023-10-23 07:19:23', 0, 90),
(1301, 'BP1B', '', '', 0, 0, 15, '2023-10-23 07:19:23', 0, 90),
(1302, 'BP1C', '', '', 0, 0, 15, '2023-10-23 07:19:23', 0, 90),
(1303, 'BP1D', '', '', 0, 0, 15, '2023-10-23 07:19:23', 0, 90),
(1304, 'BP2A', '', '', 0, 0, 15, '2023-10-23 07:19:23', 0, 90),
(1305, 'BP2B', '', '', 0, 0, 15, '2023-10-23 07:19:23', 0, 90),
(1306, 'BP2C', '', '', 0, 0, 15, '2023-10-23 07:19:23', 0, 90),
(1307, 'BP2D', '', '', 0, 0, 15, '2023-10-23 07:19:23', 0, 90),
(1308, 'BP3A', '', '', 0, 0, 15, '2023-10-23 07:19:23', 0, 90),
(1309, 'BP3B', '', '', 0, 0, 15, '2023-10-23 07:19:23', 0, 90),
(1310, 'BP3C', '', '', 0, 0, 15, '2023-10-23 07:19:23', 0, 90),
(1311, 'BP3D', '', '', 0, 0, 15, '2023-10-23 07:19:23', 0, 90),
(1312, 'BP4A', '', '', 0, 0, 15, '2023-10-23 07:19:23', 0, 90),
(1313, 'BP4B', '', '', 0, 0, 15, '2023-10-23 07:19:23', 0, 90),
(1314, 'BP4C', '', '', 0, 0, 15, '2023-10-23 07:19:23', 0, 90),
(1315, 'BP4D', '', '', 0, 0, 15, '2023-10-23 07:19:23', 0, 90),
(1316, 'BP5A', '', '', 0, 0, 15, '2023-10-23 07:19:23', 0, 90),
(1317, 'BP5B', '', '', 0, 0, 15, '2023-10-23 07:19:23', 0, 90),
(1318, 'BP5C', '', '', 0, 0, 15, '2023-10-23 07:19:23', 0, 90),
(1319, 'BP5D', '', '', 0, 0, 15, '2023-10-23 07:19:23', 0, 90),
(1320, 'BP6A', '', '', 0, 0, 15, '2023-10-23 07:19:23', 0, 90),
(1321, 'BP6B', '', '', 0, 0, 15, '2023-10-23 07:19:23', 0, 90),
(1322, 'BP6C', '', '', 0, 0, 15, '2023-10-23 07:19:23', 0, 90),
(1323, 'BP6D', '', '', 0, 0, 15, '2023-10-23 07:19:23', 0, 90),
(1324, 'BP7A', '', '', 0, 0, 15, '2023-10-23 07:19:23', 0, 90),
(1325, 'BP7B', '', '', 0, 0, 15, '2023-10-23 07:19:23', 0, 90),
(1326, 'BP7C', '', '', 0, 0, 15, '2023-10-23 07:19:23', 0, 90),
(1327, 'BP7D', '', '', 0, 0, 15, '2023-10-23 07:19:23', 0, 90),
(1328, 'BR1A', '', '', 0, 0, 15, '2023-10-23 07:19:23', 0, 90),
(1329, 'BR1B', '', '', 0, 0, 15, '2023-10-23 07:19:23', 0, 90),
(1330, 'BR1C', '', '', 0, 0, 15, '2023-10-23 07:19:23', 0, 90),
(1331, 'BR2A', '', '', 0, 0, 15, '2023-10-23 07:19:23', 0, 90),
(1332, 'BR2B', '', '', 0, 0, 15, '2023-10-23 07:19:23', 0, 90),
(1333, 'BR2C', '', '', 0, 0, 15, '2023-10-23 07:19:23', 0, 90),
(1334, 'BR3B', '', '', 0, 0, 15, '2023-10-23 07:19:23', 0, 90),
(1335, 'BR3C', '', '', 0, 0, 15, '2023-10-23 07:19:23', 0, 90),
(1336, 'BR4A', '', '', 0, 0, 15, '2023-10-23 07:19:23', 0, 90),
(1337, 'BR4B', '', '', 0, 0, 15, '2023-10-23 07:19:23', 0, 90),
(1338, 'BR4C', '', '', 0, 0, 15, '2023-10-23 07:19:23', 0, 90),
(1339, 'BR5A', '', '', 0, 0, 15, '2023-10-23 07:19:23', 0, 90),
(1340, 'BR5B', '', '', 0, 0, 15, '2023-10-23 07:19:23', 0, 90),
(1341, 'BR5C', '', '', 0, 0, 15, '2023-10-23 07:19:23', 0, 90),
(1342, 'BR5D', '', '', 0, 0, 15, '2023-10-23 07:19:23', 0, 90),
(1343, 'BR6A', '', '', 0, 0, 15, '2023-10-23 07:19:23', 0, 90),
(1344, 'BR6B', '', '', 0, 0, 15, '2023-10-23 07:19:23', 0, 90),
(1345, 'BR6d', '', '', 0, 0, 15, '2023-10-23 07:19:23', 0, 90),
(1346, 'BR7A', '', '', 0, 0, 15, '2023-10-23 07:19:23', 0, 90),
(1347, 'BR7B', '', '', 0, 0, 15, '2023-10-23 07:19:23', 0, 90),
(1348, 'BR7C', '', '', 0, 0, 15, '2023-10-23 07:19:23', 0, 90),
(1349, 'BR7D', '', '', 0, 0, 15, '2023-10-23 07:19:23', 0, 90),
(1350, 'C1A', '', '', 0, 0, 15, '2023-10-23 07:19:23', 0, 90),
(1351, 'CP1A', '', '', 0, 0, 15, '2023-10-23 07:19:23', 0, 90),
(1352, 'CP1B', '', '', 0, 0, 15, '2023-10-23 07:19:23', 0, 90),
(1353, 'CP1C', '', '', 0, 0, 15, '2023-10-23 07:19:23', 0, 90),
(1354, 'CP1D', '', '', 0, 0, 15, '2023-10-23 07:19:23', 0, 90),
(1355, 'CP2A', '', '', 0, 0, 15, '2023-10-23 07:19:23', 0, 90),
(1356, 'CP2B', '', '', 0, 0, 15, '2023-10-23 07:19:23', 0, 90),
(1357, 'CP2C', '', '', 0, 0, 15, '2023-10-23 07:19:23', 0, 90),
(1358, 'CP2D', '', '', 0, 0, 15, '2023-10-23 07:19:23', 0, 90),
(1359, 'CP3A', '', '', 0, 0, 15, '2023-10-23 07:19:23', 0, 90),
(1360, 'CP3B', '', '', 0, 0, 15, '2023-10-23 07:19:23', 0, 90),
(1361, 'CP3C', '', '', 0, 0, 15, '2023-10-23 07:19:23', 0, 90),
(1362, 'CP3D', '', '', 0, 0, 15, '2023-10-23 07:19:23', 0, 90),
(1363, 'CP4A', '', '', 0, 0, 15, '2023-10-23 07:19:23', 0, 90),
(1364, 'CP4B', '', '', 0, 0, 15, '2023-10-23 07:19:23', 0, 90),
(1365, 'CP4C', '', '', 0, 0, 15, '2023-10-23 07:19:23', 0, 90),
(1366, 'CP4D', '', '', 0, 0, 15, '2023-10-23 07:19:23', 0, 90),
(1367, 'CP5A', '', '', 0, 0, 15, '2023-10-23 07:19:23', 0, 90),
(1368, 'CP5B', '', '', 0, 0, 15, '2023-10-23 07:19:23', 0, 90),
(1369, 'CP5C', '', '', 0, 0, 15, '2023-10-23 07:19:23', 0, 90),
(1370, 'CP5D', '', '', 0, 0, 15, '2023-10-23 07:19:23', 0, 90),
(1371, 'CR1A', '', '', 0, 0, 15, '2023-10-23 07:19:23', 0, 90),
(1372, 'CR1D', '', '', 0, 0, 15, '2023-10-23 07:19:23', 0, 90),
(1373, 'CR2A', '', '', 0, 0, 15, '2023-10-23 07:19:23', 0, 90),
(1374, 'CR2B', '', '', 0, 0, 15, '2023-10-23 07:19:23', 0, 90),
(1375, 'CR2C/C8B', '', '', 0, 0, 15, '2023-10-23 07:19:23', 0, 90),
(1376, 'CR2D', '', '', 0, 0, 15, '2023-10-23 07:19:23', 0, 90),
(1377, 'CR3A', '', '', 0, 0, 15, '2023-10-23 07:19:23', 0, 90),
(1378, 'CR3C', '', '', 0, 0, 15, '2023-10-23 07:19:23', 0, 90),
(1379, 'CR3D', '', '', 0, 0, 15, '2023-10-23 07:19:23', 0, 90),
(1380, 'CR4A', '', '', 0, 0, 15, '2023-10-23 07:19:23', 0, 90),
(1381, 'CR4B', '', '', 0, 0, 15, '2023-10-23 07:19:23', 0, 90),
(1382, 'CR4C', '', '', 0, 0, 15, '2023-10-23 07:19:23', 0, 90),
(1383, 'CR4D', '', '', 0, 0, 15, '2023-10-23 07:19:23', 0, 90),
(1384, 'CR5A', '', '', 0, 0, 15, '2023-10-23 07:19:23', 0, 90),
(1385, 'CR5B', '', '', 0, 0, 15, '2023-10-23 07:19:23', 0, 90),
(1386, 'CR5C', '', '', 0, 0, 15, '2023-10-23 07:19:23', 0, 90),
(1387, 'CR5D', '', '', 0, 0, 15, '2023-10-23 07:19:23', 0, 90),
(1388, 'D23B', '', '', 0, 0, 15, '2023-10-23 07:19:23', 0, 90),
(1389, 'DP10A', '', '', 0, 0, 15, '2023-10-23 07:19:23', 0, 90),
(1390, 'DP10B', '', '', 0, 0, 15, '2023-10-23 07:19:23', 0, 90),
(1391, 'DP10C', '', '', 0, 0, 15, '2023-10-23 07:19:23', 0, 90),
(1392, 'DP10D', '', '', 0, 0, 15, '2023-10-23 07:19:23', 0, 90),
(1393, 'DP1A', '', '', 0, 0, 15, '2023-10-23 07:19:23', 0, 90),
(1394, 'DP1B', '', '', 0, 0, 15, '2023-10-23 07:19:23', 0, 90),
(1395, 'DP1C', '', '', 0, 0, 15, '2023-10-23 07:19:23', 0, 90),
(1396, 'DP1D', '', '', 0, 0, 15, '2023-10-23 07:19:23', 0, 90),
(1397, 'DP2A', '', '', 0, 0, 15, '2023-10-23 07:19:23', 0, 90),
(1398, 'DP2B', '', '', 0, 0, 15, '2023-10-23 07:19:23', 0, 90),
(1399, 'DP2C', '', '', 0, 0, 15, '2023-10-23 07:19:23', 0, 90),
(1400, 'DP2D', '', '', 0, 0, 15, '2023-10-23 07:19:23', 0, 90),
(1401, 'DP3A', '', '', 0, 0, 15, '2023-10-23 07:19:23', 0, 90),
(1402, 'DP3B', '', '', 0, 0, 15, '2023-10-23 07:19:23', 0, 90),
(1403, 'DP3C', '', '', 0, 0, 15, '2023-10-23 07:19:23', 0, 90),
(1404, 'DP3D', '', '', 0, 0, 15, '2023-10-23 07:19:23', 0, 90),
(1405, 'DP4A', '', '', 0, 0, 15, '2023-10-23 07:19:23', 0, 90),
(1406, 'DP4B', '', '', 0, 0, 15, '2023-10-23 07:19:23', 0, 90),
(1407, 'DP4C', '', '', 0, 0, 15, '2023-10-23 07:19:23', 0, 90),
(1408, 'DP4D', '', '', 0, 0, 15, '2023-10-23 07:19:23', 0, 90),
(1409, 'DP5A', '', '', 0, 0, 15, '2023-10-23 07:19:23', 0, 90),
(1410, 'DP5B', '', '', 0, 0, 15, '2023-10-23 07:19:23', 0, 90),
(1411, 'DP5C', '', '', 0, 0, 15, '2023-10-23 07:19:23', 0, 90),
(1412, 'DP5D', '', '', 0, 0, 15, '2023-10-23 07:19:23', 0, 90),
(1413, 'DP6A', '', '', 0, 0, 15, '2023-10-23 07:19:23', 0, 90),
(1414, 'DP6B', '', '', 0, 0, 15, '2023-10-23 07:19:23', 0, 90),
(1415, 'DP6C', '', '', 0, 0, 15, '2023-10-23 07:19:23', 0, 90),
(1416, 'DP6D', '', '', 0, 0, 15, '2023-10-23 07:19:23', 0, 90),
(1417, 'DP7A', '', '', 0, 0, 15, '2023-10-23 07:19:23', 0, 90),
(1418, 'DP7B', '', '', 0, 0, 15, '2023-10-23 07:19:23', 0, 90),
(1419, 'DP7C', '', '', 0, 0, 15, '2023-10-23 07:19:23', 0, 90),
(1420, 'DP7D', '', '', 0, 0, 15, '2023-10-23 07:19:23', 0, 90),
(1421, 'DP8A', '', '', 0, 0, 15, '2023-10-23 07:19:23', 0, 90),
(1422, 'DP8B', '', '', 0, 0, 15, '2023-10-23 07:19:23', 0, 90),
(1423, 'DP8C', '', '', 0, 0, 15, '2023-10-23 07:19:23', 0, 90),
(1424, 'DP8D', '', '', 0, 0, 15, '2023-10-23 07:19:23', 0, 90),
(1425, 'DP9AB', '', '', 0, 0, 15, '2023-10-23 07:19:23', 0, 90),
(1426, 'DP9CD', '', '', 0, 0, 15, '2023-10-23 07:19:23', 0, 90),
(1427, 'DR10A', '', '', 0, 0, 15, '2023-10-23 07:19:23', 0, 90),
(1428, 'DR10B', '', '', 0, 0, 15, '2023-10-23 07:19:23', 0, 90),
(1429, 'DR10C', '', '', 0, 0, 15, '2023-10-23 07:19:23', 0, 90),
(1430, 'DR10D', '', '', 0, 0, 15, '2023-10-23 07:19:23', 0, 90),
(1431, 'DR10E', '', '', 0, 0, 15, '2023-10-23 07:19:23', 0, 90),
(1432, 'DR1A', '', '', 0, 0, 15, '2023-10-23 07:19:23', 0, 90),
(1433, 'DR1D', '', '', 0, 0, 15, '2023-10-23 07:19:23', 0, 90),
(1434, 'DR2A', '', '', 0, 0, 15, '2023-10-23 07:19:23', 0, 90),
(1435, 'DR2B', '', '', 0, 0, 15, '2023-10-23 07:19:23', 0, 90),
(1436, 'DR2C', '', '', 0, 0, 15, '2023-10-23 07:19:23', 0, 90),
(1437, 'DR2D', '', '', 0, 0, 15, '2023-10-23 07:19:23', 0, 90),
(1438, 'DR3A', '', '', 0, 0, 15, '2023-10-23 07:19:23', 0, 90),
(1439, 'DR3B', '', '', 0, 0, 15, '2023-10-23 07:19:23', 0, 90),
(1440, 'DR3C', '', '', 0, 0, 15, '2023-10-23 07:19:23', 0, 90),
(1441, 'DR3D', '', '', 0, 0, 15, '2023-10-23 07:19:23', 0, 90),
(1442, 'DR3E', '', '', 0, 0, 15, '2023-10-23 07:19:23', 0, 90),
(1443, 'DR4A', '', '', 0, 0, 15, '2023-10-23 07:19:23', 0, 90),
(1444, 'DR4C', '', '', 0, 0, 15, '2023-10-23 07:19:23', 0, 90),
(1445, 'DR4D', '', '', 0, 0, 15, '2023-10-23 07:19:23', 0, 90),
(1446, 'DR5A', '', '', 0, 0, 15, '2023-10-23 07:19:23', 0, 90),
(1447, 'DR5B', '', '', 0, 0, 15, '2023-10-23 07:19:23', 0, 90),
(1448, 'DR5C', '', '', 0, 0, 15, '2023-10-23 07:19:23', 0, 90),
(1449, 'DR5D', '', '', 0, 0, 15, '2023-10-23 07:19:23', 0, 90),
(1450, 'DR6A', '', '', 0, 0, 15, '2023-10-23 07:19:23', 0, 90),
(1451, 'DR6B', '', '', 0, 0, 15, '2023-10-23 07:19:23', 0, 90),
(1452, 'DR6C', '', '', 0, 0, 15, '2023-10-23 07:19:23', 0, 90),
(1453, 'DR6D', '', '', 0, 0, 15, '2023-10-23 07:19:23', 0, 90),
(1454, 'DR7A', '', '', 0, 0, 15, '2023-10-23 07:19:23', 0, 90),
(1455, 'DR7C', '', '', 0, 0, 15, '2023-10-23 07:19:23', 0, 90),
(1456, 'DR7D', '', '', 0, 0, 15, '2023-10-23 07:19:23', 0, 90),
(1457, 'DR8A', '', '', 0, 0, 15, '2023-10-23 07:19:23', 0, 90),
(1458, 'DR8B', '', '', 0, 0, 15, '2023-10-23 07:19:23', 0, 90),
(1459, 'DR8C', '', '', 0, 0, 15, '2023-10-23 07:19:23', 0, 90),
(1460, 'DR8D', '', '', 0, 0, 15, '2023-10-23 07:19:23', 0, 90),
(1461, 'DR9B', '', '', 0, 0, 15, '2023-10-23 07:19:23', 0, 90),
(1462, 'EO11', '', '', 0, 0, 15, '2023-10-23 07:19:23', 0, 90),
(1463, 'E16A', '', '', 0, 0, 15, '2023-10-23 07:19:23', 0, 90),
(1464, 'E6A', '', '', 0, 0, 15, '2023-10-23 07:19:23', 0, 90),
(1465, 'E6B', '', '', 0, 0, 15, '2023-10-23 07:19:23', 0, 90),
(1466, 'EO1A', '', '', 0, 0, 15, '2023-10-23 07:19:23', 0, 90),
(1467, 'EO1B', '', '', 0, 0, 15, '2023-10-23 07:19:23', 0, 90),
(1468, 'EP10A', '', '', 0, 0, 15, '2023-10-23 07:19:23', 0, 90),
(1469, 'EP10B', '', '', 0, 0, 15, '2023-10-23 07:19:23', 0, 90),
(1470, 'EP10C', '', '', 0, 0, 15, '2023-10-23 07:19:23', 0, 90),
(1471, 'EP10D', '', '', 0, 0, 15, '2023-10-23 07:19:23', 0, 90),
(1472, 'EP11A', '', '', 0, 0, 15, '2023-10-23 07:19:23', 0, 90),
(1473, 'EP11B', '', '', 0, 0, 15, '2023-10-23 07:19:23', 0, 90),
(1474, 'EP11C', '', '', 0, 0, 15, '2023-10-23 07:19:23', 0, 90),
(1475, 'EP11D', '', '', 0, 0, 15, '2023-10-23 07:19:23', 0, 90),
(1476, 'EP12A', '', '', 0, 0, 15, '2023-10-23 07:19:23', 0, 90),
(1477, 'EP12B', '', '', 0, 0, 15, '2023-10-23 07:19:23', 0, 90),
(1478, 'EP12C', '', '', 0, 0, 15, '2023-10-23 07:19:23', 0, 90),
(1479, 'EP12D', '', '', 0, 0, 15, '2023-10-23 07:19:23', 0, 90),
(1480, 'EP1A', '', '', 0, 0, 15, '2023-10-23 07:19:23', 0, 90),
(1481, 'EP1B', '', '', 0, 0, 15, '2023-10-23 07:19:23', 0, 90),
(1482, 'EP1C', '', '', 0, 0, 15, '2023-10-23 07:19:23', 0, 90),
(1483, 'EP1D', '', '', 0, 0, 15, '2023-10-23 07:19:23', 0, 90),
(1484, 'EP2A', '', '', 0, 0, 15, '2023-10-23 07:19:23', 0, 90),
(1485, 'EP2B', '', '', 0, 0, 15, '2023-10-23 07:19:23', 0, 90),
(1486, 'EP2C', '', '', 0, 0, 15, '2023-10-23 07:19:23', 0, 90),
(1487, 'EP2D', '', '', 0, 0, 15, '2023-10-23 07:19:23', 0, 90),
(1488, 'EP3A', '', '', 0, 0, 15, '2023-10-23 07:19:23', 0, 90),
(1489, 'EP3B', '', '', 0, 0, 15, '2023-10-23 07:19:23', 0, 90),
(1490, 'EP3C', '', '', 0, 0, 15, '2023-10-23 07:19:23', 0, 90),
(1491, 'EP3D', '', '', 0, 0, 15, '2023-10-23 07:19:23', 0, 90),
(1492, 'EP4A', '', '', 0, 0, 15, '2023-10-23 07:19:23', 0, 90),
(1493, 'EP4B', '', '', 0, 0, 15, '2023-10-23 07:19:23', 0, 90),
(1494, 'EP4C', '', '', 0, 0, 15, '2023-10-23 07:19:23', 0, 90),
(1495, 'EP4D', '', '', 0, 0, 15, '2023-10-23 07:19:23', 0, 90),
(1496, 'EP4D', '', '', 0, 0, 15, '2023-10-23 07:19:23', 0, 90),
(1497, 'EP5A', '', '', 0, 0, 15, '2023-10-23 07:19:23', 0, 90),
(1498, 'EP5b', '', '', 0, 0, 15, '2023-10-23 07:19:23', 0, 90),
(1499, 'EP5C', '', '', 0, 0, 15, '2023-10-23 07:19:23', 0, 90),
(1500, 'EP5C', '', '', 0, 0, 15, '2023-10-23 07:19:23', 0, 90),
(1501, 'EP5D', '', '', 0, 0, 15, '2023-10-23 07:19:23', 0, 90),
(1502, 'EP6A', '', '', 0, 0, 15, '2023-10-23 07:19:23', 0, 90),
(1503, 'EP6B', '', '', 0, 0, 15, '2023-10-23 07:19:23', 0, 90),
(1504, 'EP6C', '', '', 0, 0, 15, '2023-10-23 07:19:23', 0, 90),
(1505, 'EP6D', '', '', 0, 0, 15, '2023-10-23 07:19:23', 0, 90),
(1506, 'EP7A', '', '', 0, 0, 15, '2023-10-23 07:19:23', 0, 90),
(1507, 'EP7B', '', '', 0, 0, 15, '2023-10-23 07:19:23', 0, 90),
(1508, 'EP7C', '', '', 0, 0, 15, '2023-10-23 07:19:23', 0, 90),
(1509, 'EP7D', '', '', 0, 0, 15, '2023-10-23 07:19:23', 0, 90),
(1510, 'EP8A', '', '', 0, 0, 15, '2023-10-23 07:19:23', 0, 90),
(1511, 'EP8B', '', '', 0, 0, 15, '2023-10-23 07:19:23', 0, 90),
(1512, 'EP8C', '', '', 0, 0, 15, '2023-10-23 07:19:23', 0, 90),
(1513, 'EP8D', '', '', 0, 0, 15, '2023-10-23 07:19:23', 0, 90),
(1514, 'EP9A', '', '', 0, 0, 15, '2023-10-23 07:19:23', 0, 90),
(1515, 'EP9B', '', '', 0, 0, 15, '2023-10-23 07:19:23', 0, 90),
(1516, 'EP9C', '', '', 0, 0, 15, '2023-10-23 07:19:23', 0, 90),
(1517, 'EP9D', '', '', 0, 0, 15, '2023-10-23 07:19:23', 0, 90),
(1518, 'ER10C', '', '', 0, 0, 15, '2023-10-23 07:19:23', 0, 90),
(1519, 'ER10D', '', '', 0, 0, 15, '2023-10-23 07:19:23', 0, 90),
(1520, 'ER11AB', '', '', 0, 0, 15, '2023-10-23 07:19:23', 0, 90),
(1521, 'ER12A', '', '', 0, 0, 15, '2023-10-23 07:19:23', 0, 90),
(1522, 'ER12B', '', '', 0, 0, 15, '2023-10-23 07:19:23', 0, 90),
(1523, 'ER12C', '', '', 0, 0, 15, '2023-10-23 07:19:23', 0, 90),
(1524, 'ER12D', '', '', 0, 0, 15, '2023-10-23 07:19:23', 0, 90),
(1525, 'ER1A', '', '', 0, 0, 15, '2023-10-23 07:19:23', 0, 90),
(1526, 'ER1B', '', '', 0, 0, 15, '2023-10-23 07:19:23', 0, 90),
(1527, 'ER2A', '', '', 0, 0, 15, '2023-10-23 07:19:23', 0, 90),
(1528, 'ER2B', '', '', 0, 0, 15, '2023-10-23 07:19:23', 0, 90),
(1529, 'ER2D', '', '', 0, 0, 15, '2023-10-23 07:19:23', 0, 90),
(1530, 'ER3A', '', '', 0, 0, 15, '2023-10-23 07:19:23', 0, 90),
(1531, 'ER3B', '', '', 0, 0, 15, '2023-10-23 07:19:23', 0, 90),
(1532, 'ER3C', '', '', 0, 0, 15, '2023-10-23 07:19:23', 0, 90),
(1533, 'ER3D', '', '', 0, 0, 15, '2023-10-23 07:19:23', 0, 90),
(1534, 'ER4C', '', '', 0, 0, 15, '2023-10-23 07:19:23', 0, 90),
(1535, 'ER4D', '', '', 0, 0, 15, '2023-10-23 07:19:23', 0, 90),
(1536, 'ER5A', '', '', 0, 0, 15, '2023-10-23 07:19:23', 0, 90),
(1537, 'ER5B', '', '', 0, 0, 15, '2023-10-23 07:19:23', 0, 90),
(1538, 'ER6B', '', '', 0, 0, 15, '2023-10-23 07:19:23', 0, 90),
(1539, 'ER5D', '', '', 0, 0, 15, '2023-10-23 07:19:23', 0, 90),
(1540, 'ER6A', '', '', 0, 0, 15, '2023-10-23 07:19:23', 0, 90),
(1541, 'ER6C', '', '', 0, 0, 15, '2023-10-23 07:19:23', 0, 90),
(1542, 'ER6D', '', '', 0, 0, 15, '2023-10-23 07:19:23', 0, 90),
(1543, 'ER7A', '', '', 0, 0, 15, '2023-10-23 07:19:23', 0, 90),
(1544, 'ER7B', '', '', 0, 0, 15, '2023-10-23 07:19:23', 0, 90),
(1545, 'ER7C', '', '', 0, 0, 15, '2023-10-23 07:19:23', 0, 90),
(1546, 'ER7D', '', '', 0, 0, 15, '2023-10-23 07:19:23', 0, 90),
(1547, 'ER8A', '', '', 0, 0, 15, '2023-10-23 07:19:23', 0, 90),
(1548, 'ER8B', '', '', 0, 0, 15, '2023-10-23 07:19:23', 0, 90),
(1549, 'ER8C', '', '', 0, 0, 15, '2023-10-23 07:19:23', 0, 90),
(1550, 'ER8D', '', '', 0, 0, 15, '2023-10-23 07:19:23', 0, 90),
(1551, 'ER9A', '', '', 0, 0, 15, '2023-10-23 07:19:23', 0, 90),
(1552, 'ER9B', '', '', 0, 0, 15, '2023-10-23 07:19:23', 0, 90),
(1553, 'ER9C', '', '', 0, 0, 15, '2023-10-23 07:19:23', 0, 90),
(1554, 'ER9D', '', '', 0, 0, 15, '2023-10-23 07:19:23', 0, 90),
(1555, 'FO2A', '', '', 0, 0, 15, '2023-10-23 07:19:23', 0, 90),
(1556, 'F24A', '', '', 0, 0, 15, '2023-10-23 07:19:23', 0, 90),
(1557, 'F24B', '', '', 0, 0, 15, '2023-10-23 07:19:23', 0, 90),
(1558, 'F25A', '', '', 0, 0, 15, '2023-10-23 07:19:23', 0, 90),
(1559, 'F25B', '', '', 0, 0, 15, '2023-10-23 07:19:23', 0, 90),
(1560, 'F29C', '', '', 0, 0, 15, '2023-10-23 07:19:23', 0, 90),
(1561, 'F29D', '', '', 0, 0, 15, '2023-10-23 07:19:23', 0, 90),
(1562, 'F2B', '', '', 0, 0, 15, '2023-10-23 07:19:23', 0, 90),
(1563, 'FO27ab', '', '', 0, 0, 15, '2023-10-23 07:19:23', 0, 90),
(1564, 'FO2B', '', '', 0, 0, 15, '2023-10-23 07:19:23', 0, 90),
(1565, 'FP10A', '', '', 0, 0, 15, '2023-10-23 07:19:23', 0, 90),
(1566, 'FP10B', '', '', 0, 0, 15, '2023-10-23 07:19:23', 0, 90),
(1567, 'FP10C', '', '', 0, 0, 15, '2023-10-23 07:19:23', 0, 90),
(1568, 'FP10D', '', '', 0, 0, 15, '2023-10-23 07:19:23', 0, 90),
(1569, 'FP11A', '', '', 0, 0, 15, '2023-10-23 07:19:23', 0, 90),
(1570, 'FP11B', '', '', 0, 0, 15, '2023-10-23 07:19:23', 0, 90),
(1571, 'FP11C', '', '', 0, 0, 15, '2023-10-23 07:19:23', 0, 90),
(1572, 'FP11D', '', '', 0, 0, 15, '2023-10-23 07:19:23', 0, 90),
(1573, 'FP12A', '', '', 0, 0, 15, '2023-10-23 07:19:23', 0, 90),
(1574, 'FP12B', '', '', 0, 0, 15, '2023-10-23 07:19:23', 0, 90),
(1575, 'FP12C', '', '', 0, 0, 15, '2023-10-23 07:19:23', 0, 90),
(1576, 'FP12D', '', '', 0, 0, 15, '2023-10-23 07:19:23', 0, 90),
(1577, 'FP13A', '', '', 0, 0, 15, '2023-10-23 07:19:23', 0, 90),
(1578, 'FP13B', '', '', 0, 0, 15, '2023-10-23 07:19:23', 0, 90),
(1579, 'FP13C', '', '', 0, 0, 15, '2023-10-23 07:19:23', 0, 90),
(1580, 'FP13D', '', '', 0, 0, 15, '2023-10-23 07:19:23', 0, 90),
(1581, 'FP1A', '', '', 0, 0, 15, '2023-10-23 07:19:23', 0, 90),
(1582, 'FP1B', '', '', 0, 0, 15, '2023-10-23 07:19:23', 0, 90),
(1583, 'FP1C', '', '', 0, 0, 15, '2023-10-23 07:19:23', 0, 90),
(1584, 'FP1D', '', '', 0, 0, 15, '2023-10-23 07:19:23', 0, 90),
(1585, 'FP2A', '', '', 0, 0, 15, '2023-10-23 07:19:23', 0, 90),
(1586, 'FP2B', '', '', 0, 0, 15, '2023-10-23 07:19:23', 0, 90),
(1587, 'FP2C', '', '', 0, 0, 15, '2023-10-23 07:19:23', 0, 90),
(1588, 'FP2D', '', '', 0, 0, 15, '2023-10-23 07:19:23', 0, 90),
(1589, 'FP3A', '', '', 0, 0, 15, '2023-10-23 07:19:23', 0, 90),
(1590, 'FP3B', '', '', 0, 0, 15, '2023-10-23 07:19:23', 0, 90),
(1591, 'FP3C', '', '', 0, 0, 15, '2023-10-23 07:19:23', 0, 90),
(1592, 'FP3D', '', '', 0, 0, 15, '2023-10-23 07:19:23', 0, 90),
(1593, 'FP4A', '', '', 0, 0, 15, '2023-10-23 07:19:23', 0, 90),
(1594, 'FP4B', '', '', 0, 0, 15, '2023-10-23 07:19:23', 0, 90),
(1595, 'FP4C', '', '', 0, 0, 15, '2023-10-23 07:19:23', 0, 90),
(1596, 'FP4D', '', '', 0, 0, 15, '2023-10-23 07:19:23', 0, 90),
(1597, 'FP5A', '', '', 0, 0, 15, '2023-10-23 07:19:23', 0, 90),
(1598, 'FP5B', '', '', 0, 0, 15, '2023-10-23 07:19:23', 0, 90),
(1599, 'FP5C', '', '', 0, 0, 15, '2023-10-23 07:19:23', 0, 90),
(1600, 'FP5D', '', '', 0, 0, 15, '2023-10-23 07:19:23', 0, 90),
(1601, 'FP6A', '', '', 0, 0, 15, '2023-10-23 07:19:23', 0, 90),
(1602, 'FP6B', '', '', 0, 0, 15, '2023-10-23 07:19:23', 0, 90),
(1603, 'FP6C', '', '', 0, 0, 15, '2023-10-23 07:19:23', 0, 90),
(1604, 'FP6D', '', '', 0, 0, 15, '2023-10-23 07:19:23', 0, 90),
(1605, 'FP7A', '', '', 0, 0, 15, '2023-10-23 07:19:23', 0, 90),
(1606, 'FP7B', '', '', 0, 0, 15, '2023-10-23 07:19:23', 0, 90),
(1607, 'FP7C', '', '', 0, 0, 15, '2023-10-23 07:19:23', 0, 90),
(1608, 'FP7D', '', '', 0, 0, 15, '2023-10-23 07:19:23', 0, 90),
(1609, 'FP8A', '', '', 0, 0, 15, '2023-10-23 07:19:23', 0, 90),
(1610, 'FP8B', '', '', 0, 0, 15, '2023-10-23 07:19:23', 0, 90),
(1611, 'FP8C', '', '', 0, 0, 15, '2023-10-23 07:19:23', 0, 90),
(1612, 'FP8D', '', '', 0, 0, 15, '2023-10-23 07:19:23', 0, 90),
(1613, 'FP9A', '', '', 0, 0, 15, '2023-10-23 07:19:23', 0, 90),
(1614, 'FP9B', '', '', 0, 0, 15, '2023-10-23 07:19:23', 0, 90),
(1615, 'FP9C', '', '', 0, 0, 15, '2023-10-23 07:19:23', 0, 90);
INSERT INTO `farm` (`farmID`, `Farm_Name`, `section`, `regime`, `Application`, `rainfall`, `evaporation`, `date`, `age`, `trigger_condition`) VALUES
(1616, 'FP9D', '', '', 0, 0, 15, '2023-10-23 07:19:23', 0, 90),
(1617, 'FR10A', '', '', 0, 0, 15, '2023-10-23 07:19:23', 0, 90),
(1618, 'FR10B', '', '', 0, 0, 15, '2023-10-23 07:19:23', 0, 90),
(1619, 'FR11A', '', '', 0, 0, 15, '2023-10-23 07:19:23', 0, 90),
(1620, 'FR11B', '', '', 0, 0, 15, '2023-10-23 07:19:23', 0, 90),
(1621, 'FR11C', '', '', 0, 0, 15, '2023-10-23 07:19:23', 0, 90),
(1622, 'FR12A', '', '', 0, 0, 15, '2023-10-23 07:19:23', 0, 90),
(1623, 'FR12B', '', '', 0, 0, 15, '2023-10-23 07:19:23', 0, 90),
(1624, 'FR12C', '', '', 0, 0, 15, '2023-10-23 07:19:23', 0, 90),
(1625, 'FR12D', '', '', 0, 0, 15, '2023-10-23 07:19:23', 0, 90),
(1626, 'FR13A', '', '', 0, 0, 15, '2023-10-23 07:19:23', 0, 90),
(1627, 'FR13B', '', '', 0, 0, 15, '2023-10-23 07:19:23', 0, 90),
(1628, 'FR13C', '', '', 0, 0, 15, '2023-10-23 07:19:23', 0, 90),
(1629, 'FR1A', '', '', 0, 0, 15, '2023-10-23 07:19:23', 0, 90),
(1630, 'FR1B', '', '', 0, 0, 15, '2023-10-23 07:19:23', 0, 90),
(1631, 'FR1C', '', '', 0, 0, 15, '2023-10-23 07:19:23', 0, 90),
(1632, 'FR1D', '', '', 0, 0, 15, '2023-10-23 07:19:23', 0, 90),
(1633, 'FR2A', '', '', 0, 0, 15, '2023-10-23 07:19:23', 0, 90),
(1634, 'FR2B', '', '', 0, 0, 15, '2023-10-23 07:19:23', 0, 90),
(1635, 'FR2C', '', '', 0, 0, 15, '2023-10-23 07:19:23', 0, 90),
(1636, 'FR2D', '', '', 0, 0, 15, '2023-10-23 07:19:23', 0, 90),
(1637, 'FR3A', '', '', 0, 0, 15, '2023-10-23 07:19:23', 0, 90),
(1638, 'FR3B', '', '', 0, 0, 15, '2023-10-23 07:19:23', 0, 90),
(1639, 'FR3C', '', '', 0, 0, 15, '2023-10-23 07:19:23', 0, 90),
(1640, 'FR3D', '', '', 0, 0, 15, '2023-10-23 07:19:23', 0, 90),
(1641, 'FR4A', '', '', 0, 0, 15, '2023-10-23 07:19:23', 0, 90),
(1642, 'FR4B', '', '', 0, 0, 15, '2023-10-23 07:19:23', 0, 90),
(1643, 'FR4C', '', '', 0, 0, 15, '2023-10-23 07:19:23', 0, 90),
(1644, 'FR4D', '', '', 0, 0, 15, '2023-10-23 07:19:23', 0, 90),
(1645, 'FR5A', '', '', 0, 0, 15, '2023-10-23 07:19:23', 0, 90),
(1646, 'FR5B', '', '', 0, 0, 15, '2023-10-23 07:19:23', 0, 90),
(1647, 'FR5C', '', '', 0, 0, 15, '2023-10-23 07:19:23', 0, 90),
(1648, 'FR5D', '', '', 0, 0, 15, '2023-10-23 07:19:23', 0, 90),
(1649, 'FR6A', '', '', 0, 0, 15, '2023-10-23 07:19:23', 0, 90),
(1650, 'FR6B', '', '', 0, 0, 15, '2023-10-23 07:19:23', 0, 90),
(1651, 'FR6C', '', '', 0, 0, 15, '2023-10-23 07:19:23', 0, 90),
(1652, 'FR6D', '', '', 0, 0, 15, '2023-10-23 07:19:23', 0, 90),
(1653, 'FR7B', '', '', 0, 0, 15, '2023-10-23 07:19:23', 0, 90),
(1654, 'FR7C', '', '', 0, 0, 15, '2023-10-23 07:19:23', 0, 90),
(1655, 'FR7D', '', '', 0, 0, 15, '2023-10-23 07:19:23', 0, 90),
(1656, 'FR8A', '', '', 0, 0, 15, '2023-10-23 07:19:23', 0, 90),
(1657, 'FR8B', '', '', 0, 0, 15, '2023-10-23 07:19:23', 0, 90),
(1658, 'FR8C', '', '', 0, 0, 15, '2023-10-23 07:19:23', 0, 90),
(1659, 'FR8D', '', '', 0, 0, 15, '2023-10-23 07:19:23', 0, 90),
(1660, 'FR9B', '', '', 0, 0, 15, '2023-10-23 07:19:23', 0, 90),
(1661, 'FR9C', '', '', 0, 0, 15, '2023-10-23 07:19:23', 0, 90),
(1662, 'FR9D', '', '', 0, 0, 15, '2023-10-23 07:19:23', 0, 90),
(1663, 'AP3A', '', '', 0, 0, 15, '2023-10-23 07:19:23', 0, 90),
(1664, 'AP3B', '', '', 0, 0, 15, '2023-10-23 07:19:23', 0, 90),
(1665, 'AP3C', '', '', 0, 0, 15, '2023-10-23 07:19:23', 0, 90),
(1666, 'AP3D', '', '', 0, 0, 15, '2023-10-23 07:19:23', 0, 90),
(1667, 'AP4A', '', '', 0, 0, 15, '2023-10-23 07:19:23', 0, 90),
(1668, 'AP4B', '', '', 0, 0, 15, '2023-10-23 07:19:23', 0, 90),
(1669, 'AP4C', '', '', 0, 0, 15, '2023-10-23 07:19:23', 0, 90),
(1670, 'AP4D', '', '', 0, 0, 15, '2023-10-23 07:19:23', 0, 90),
(1671, 'AR3A', '', '', 0, 0, 15, '2023-10-23 07:19:23', 0, 90),
(1672, 'AR3B', '', '', 0, 0, 15, '2023-10-23 07:19:23', 0, 90),
(1673, 'AR4A', '', '', 0, 0, 15, '2023-10-23 07:19:23', 0, 90),
(1674, 'G701', '', '', 0, 0, 15, '2023-10-23 07:19:23', 0, 90),
(1675, 'G702', '', '', 0, 0, 15, '2023-10-23 07:19:23', 0, 90),
(1676, 'G703', '', '', 0, 0, 15, '2023-10-23 07:19:23', 0, 90),
(1677, 'G704', '', '', 0, 0, 15, '2023-10-23 07:19:23', 0, 90),
(1678, 'G705', '', '', 0, 0, 15, '2023-10-23 07:19:23', 0, 90),
(1679, 'G708', '', '', 0, 0, 15, '2023-10-23 07:19:23', 0, 90),
(1680, 'G713', '', '', 0, 0, 15, '2023-10-23 07:19:23', 0, 90),
(1681, 'GP1A', '', '', 0, 0, 15, '2023-10-23 07:19:23', 0, 90),
(1682, 'GP1B', '', '', 0, 0, 15, '2023-10-23 07:19:23', 0, 90),
(1683, 'GP1C', '', '', 0, 0, 15, '2023-10-23 07:19:23', 0, 90),
(1684, 'GP1D', '', '', 0, 0, 15, '2023-10-23 07:19:23', 0, 90),
(1685, 'GP2A', '', '', 0, 0, 15, '2023-10-23 07:19:23', 0, 90),
(1686, 'GP2B', '', '', 0, 0, 15, '2023-10-23 07:19:23', 0, 90),
(1687, 'GP2C', '', '', 0, 0, 15, '2023-10-23 07:19:23', 0, 90),
(1688, 'GP2D', '', '', 0, 0, 15, '2023-10-23 07:19:23', 0, 90),
(1689, 'GP3A', '', '', 0, 0, 15, '2023-10-23 07:19:23', 0, 90),
(1690, 'GP3B', '', '', 0, 0, 15, '2023-10-23 07:19:23', 0, 90),
(1691, 'GP3C', '', '', 0, 0, 15, '2023-10-23 07:19:23', 0, 90),
(1692, 'GP3D', '', '', 0, 0, 15, '2023-10-23 07:19:23', 0, 90),
(1693, 'GP4A', '', '', 0, 0, 15, '2023-10-23 07:19:23', 0, 90),
(1694, 'GP4B', '', '', 0, 0, 15, '2023-10-23 07:19:23', 0, 90),
(1695, 'GP4C', '', '', 0, 0, 15, '2023-10-23 07:19:23', 0, 90),
(1696, 'GP4D', '', '', 0, 0, 15, '2023-10-23 07:19:23', 0, 90),
(1697, 'GP5A', '', '', 0, 0, 15, '2023-10-23 07:19:23', 0, 90),
(1698, 'GP5B', '', '', 0, 0, 15, '2023-10-23 07:19:23', 0, 90),
(1699, 'GP5C', '', '', 0, 0, 15, '2023-10-23 07:19:23', 0, 90),
(1700, 'GP5D', '', '', 0, 0, 15, '2023-10-23 07:19:23', 0, 90),
(1701, 'GP6A', '', '', 0, 0, 15, '2023-10-23 07:19:23', 0, 90),
(1702, 'GP6B', '', '', 0, 0, 15, '2023-10-23 07:19:23', 0, 90),
(1703, 'GP6C', '', '', 0, 0, 15, '2023-10-23 07:19:23', 0, 90),
(1704, 'GP6D', '', '', 0, 0, 15, '2023-10-23 07:19:23', 0, 90),
(1705, 'GP7A', '', '', 0, 0, 15, '2023-10-23 07:19:23', 0, 90),
(1706, 'GP7B', '', '', 0, 0, 15, '2023-10-23 07:19:23', 0, 90),
(1707, 'GP7C', '', '', 0, 0, 15, '2023-10-23 07:19:23', 0, 90),
(1708, 'GP7D', '', '', 0, 0, 15, '2023-10-23 07:19:23', 0, 90),
(1709, 'GR1A', '', '', 0, 0, 15, '2023-10-23 07:19:23', 0, 90),
(1710, 'GR1A', '', '', 0, 0, 15, '2023-10-23 07:19:23', 0, 90),
(1711, 'GR1B', '', '', 0, 0, 15, '2023-10-23 07:19:23', 0, 90),
(1712, 'GR1C', '', '', 0, 0, 15, '2023-10-23 07:19:23', 0, 90),
(1713, 'GR2B', '', '', 0, 0, 15, '2023-10-23 07:19:23', 0, 90),
(1714, 'GR2B', '', '', 0, 0, 15, '2023-10-23 07:19:23', 0, 90),
(1715, 'GR2C', '', '', 0, 0, 15, '2023-10-23 07:19:23', 0, 90),
(1716, 'GR2D', '', '', 0, 0, 15, '2023-10-23 07:19:23', 0, 90),
(1717, 'GR2E', '', '', 0, 0, 15, '2023-10-23 07:19:23', 0, 90),
(1718, 'GR2F', '', '', 0, 0, 15, '2023-10-23 07:19:23', 0, 90),
(1719, 'GR3C', '', '', 0, 0, 15, '2023-10-23 07:19:23', 0, 90),
(1720, 'GR3D', '', '', 0, 0, 15, '2023-10-23 07:19:23', 0, 90),
(1721, 'GR4A', '', '', 0, 0, 15, '2023-10-23 07:19:23', 0, 90),
(1722, 'GR4B', '', '', 0, 0, 15, '2023-10-23 07:19:23', 0, 90),
(1723, 'GR4C', '', '', 0, 0, 15, '2023-10-23 07:19:23', 0, 90),
(1724, 'GR4D', '', '', 0, 0, 15, '2023-10-23 07:19:23', 0, 90),
(1725, 'GR5B', '', '', 0, 0, 15, '2023-10-23 07:19:23', 0, 90),
(1726, 'GR6C', '', '', 0, 0, 15, '2023-10-23 07:19:23', 0, 90),
(1727, 'GR6D', '', '', 0, 0, 15, '2023-10-23 07:19:23', 0, 90),
(1728, 'GR7A', '', '', 0, 0, 15, '2023-10-23 07:19:23', 0, 90),
(1729, 'GR7B', '', '', 0, 0, 15, '2023-10-23 07:19:23', 0, 90),
(1730, 'GR7C', '', '', 0, 0, 15, '2023-10-23 07:19:23', 0, 90),
(1731, 'GR7D', '', '', 0, 0, 15, '2023-10-23 07:19:23', 0, 90),
(1732, 'HR4F', '', '', 0, 0, 15, '2023-10-23 07:19:23', 0, 90),
(1733, 'HP5A', '', '', 0, 0, 15, '2023-10-23 07:19:23', 0, 90),
(1734, 'HR5A', '', '', 0, 0, 15, '2023-10-23 07:19:23', 0, 90),
(1735, 'HP5B', '', '', 0, 0, 15, '2023-10-23 07:19:23', 0, 90),
(1736, 'HR5B', '', '', 0, 0, 15, '2023-10-23 07:19:23', 0, 90),
(1737, 'HP5C', '', '', 0, 0, 15, '2023-10-23 07:19:23', 0, 90),
(1738, 'HR5C', '', '', 0, 0, 15, '2023-10-23 07:19:23', 0, 90),
(1739, 'HP5D', '', '', 0, 0, 15, '2023-10-23 07:19:23', 0, 90),
(1740, 'HR5D', '', '', 0, 0, 15, '2023-10-23 07:19:23', 0, 90),
(1741, 'HP6A', '', '', 0, 0, 15, '2023-10-23 07:19:23', 0, 90),
(1742, 'HR6A', '', '', 0, 0, 15, '2023-10-23 07:19:23', 0, 90),
(1743, 'HP6B', '', '', 0, 0, 15, '2023-10-23 07:19:23', 0, 90),
(1744, 'HR6B', '', '', 0, 0, 15, '2023-10-23 07:19:23', 0, 90),
(1745, 'HP6C', '', '', 0, 0, 15, '2023-10-23 07:19:23', 0, 90),
(1746, 'HR6C', '', '', 0, 0, 15, '2023-10-23 07:19:23', 0, 90),
(1747, 'HP6D', '', '', 0, 0, 15, '2023-10-23 07:19:23', 0, 90),
(1748, 'HR6D', '', '', 0, 0, 15, '2023-10-23 07:19:23', 0, 90),
(1749, 'HP2C', '', '', 0, 0, 15, '2023-10-23 07:19:23', 0, 90),
(1750, 'HR2C', '', '', 0, 0, 15, '2023-10-23 07:19:23', 0, 90),
(1751, 'HP2D', '', '', 0, 0, 15, '2023-10-23 07:19:23', 0, 90),
(1752, 'HR2D', '', '', 0, 0, 15, '2023-10-23 07:19:23', 0, 90),
(1753, 'HP2B', '', '', 0, 0, 15, '2023-10-23 07:19:23', 0, 90),
(1754, 'HR2B', '', '', 0, 0, 15, '2023-10-23 07:19:23', 0, 90),
(1755, 'HP2A', '', '', 0, 0, 15, '2023-10-23 07:19:23', 0, 90),
(1756, 'HR2A', '', '', 0, 0, 15, '2023-10-23 07:19:23', 0, 90),
(1757, 'HP7C', '', '', 0, 0, 15, '2023-10-23 07:19:23', 0, 90),
(1758, 'HR7C', '', '', 0, 0, 15, '2023-10-23 07:19:23', 0, 90),
(1759, 'HP7D', '', '', 0, 0, 15, '2023-10-23 07:19:23', 0, 90),
(1760, 'HR7D', '', '', 0, 0, 15, '2023-10-23 07:19:23', 0, 90),
(1761, 'HR7E', '', '', 0, 0, 15, '2023-10-23 07:19:23', 0, 90),
(1762, 'HR7F', '', '', 0, 0, 15, '2023-10-23 07:19:23', 0, 90),
(1763, 'HP7A', '', '', 0, 0, 15, '2023-10-23 07:19:23', 0, 90),
(1764, 'HR7A', '', '', 0, 0, 15, '2023-10-23 07:19:23', 0, 90),
(1765, 'HP7B', '', '', 0, 0, 15, '2023-10-23 07:19:23', 0, 90),
(1766, 'HR7B', '', '', 0, 0, 15, '2023-10-23 07:19:23', 0, 90),
(1767, 'HP3C', '', '', 0, 0, 15, '2023-10-23 07:19:23', 0, 90),
(1768, 'HR3C', '', '', 0, 0, 15, '2023-10-23 07:19:23', 0, 90),
(1769, 'HP3D', '', '', 0, 0, 15, '2023-10-23 07:19:23', 0, 90),
(1770, 'HR3D', '', '', 0, 0, 15, '2023-10-23 07:19:23', 0, 90),
(1771, 'HP3A', '', '', 0, 0, 15, '2023-10-23 07:19:23', 0, 90),
(1772, 'HR3A', '', '', 0, 0, 15, '2023-10-23 07:19:23', 0, 90),
(1773, 'HP3B', '', '', 0, 0, 15, '2023-10-23 07:19:23', 0, 90),
(1774, 'HR3B', '', '', 0, 0, 15, '2023-10-23 07:19:23', 0, 90),
(1775, 'HR7G', '', '', 0, 0, 15, '2023-10-23 07:19:23', 0, 90),
(1776, 'HR4E', '', '', 0, 0, 15, '2023-10-23 07:19:23', 0, 90),
(1777, 'HP4D', '', '', 0, 0, 15, '2023-10-23 07:19:23', 0, 90),
(1778, 'HR4D', '', '', 0, 0, 15, '2023-10-23 07:19:23', 0, 90),
(1779, 'HP4C', '', '', 0, 0, 15, '2023-10-23 07:19:23', 0, 90),
(1780, 'HR4C', '', '', 0, 0, 15, '2023-10-23 07:19:23', 0, 90),
(1781, 'HP4B', '', '', 0, 0, 15, '2023-10-23 07:19:23', 0, 90),
(1782, 'HR4B', '', '', 0, 0, 15, '2023-10-23 07:19:23', 0, 90),
(1783, 'HP4A', '', '', 0, 0, 15, '2023-10-23 07:19:23', 0, 90),
(1784, 'HR4A', '', '', 0, 0, 15, '2023-10-23 07:19:23', 0, 90),
(1785, 'HP1B', '', '', 0, 0, 15, '2023-10-23 07:19:23', 0, 90),
(1786, 'HR1B', '', '', 0, 0, 15, '2023-10-23 07:19:23', 0, 90),
(1787, 'HP1A', '', '', 0, 0, 15, '2023-10-23 07:19:23', 0, 90),
(1788, 'HR1A', '', '', 0, 0, 15, '2023-10-23 07:19:23', 0, 90),
(1789, 'HP1C', '', '', 0, 0, 15, '2023-10-23 07:19:23', 0, 90),
(1790, 'HR1C', '', '', 0, 0, 15, '2023-10-23 07:19:23', 0, 90),
(1791, 'HP1D', '', '', 0, 0, 15, '2023-10-23 07:19:23', 0, 90),
(1792, 'IP5A', '', '', 0, 0, 15, '2023-10-23 07:19:23', 0, 90),
(1793, 'IR5A', '', '', 0, 0, 15, '2023-10-23 07:19:23', 0, 90),
(1794, 'IP5B', '', '', 0, 0, 15, '2023-10-23 07:19:23', 0, 90),
(1795, 'IR5B', '', '', 0, 0, 15, '2023-10-23 07:19:23', 0, 90),
(1796, 'IP5C', '', '', 0, 0, 15, '2023-10-23 07:19:23', 0, 90),
(1797, 'IR5C', '', '', 0, 0, 15, '2023-10-23 07:19:23', 0, 90),
(1798, 'IP5D', '', '', 0, 0, 15, '2023-10-23 07:19:23', 0, 90),
(1799, 'IR5D', '', '', 0, 0, 15, '2023-10-23 07:19:23', 0, 90),
(1800, 'IR5E', '', '', 0, 0, 15, '2023-10-23 07:19:23', 0, 90),
(1801, 'IR5F', '', '', 0, 0, 15, '2023-10-23 07:19:23', 0, 90),
(1802, 'IP4A', '', '', 0, 0, 15, '2023-10-23 07:19:23', 0, 90),
(1803, 'IR4A', '', '', 0, 0, 15, '2023-10-23 07:19:23', 0, 90),
(1804, 'IP4B', '', '', 0, 0, 15, '2023-10-23 07:19:23', 0, 90),
(1805, 'IR4B', '', '', 0, 0, 15, '2023-10-23 07:19:23', 0, 90),
(1806, 'IP4C', '', '', 0, 0, 15, '2023-10-23 07:19:23', 0, 90),
(1807, 'IR4C', '', '', 0, 0, 15, '2023-10-23 07:19:23', 0, 90),
(1808, 'IP4D', '', '', 0, 0, 15, '2023-10-23 07:19:23', 0, 90),
(1809, 'IR4D', '', '', 0, 0, 15, '2023-10-23 07:19:23', 0, 90),
(1810, 'IR4E', '', '', 0, 0, 15, '2023-10-23 07:19:23', 0, 90),
(1811, 'IR4F', '', '', 0, 0, 15, '2023-10-23 07:19:23', 0, 90),
(1812, 'IP3A', '', '', 0, 0, 15, '2023-10-23 07:19:23', 0, 90),
(1813, 'IR3A', '', '', 0, 0, 15, '2023-10-23 07:19:23', 0, 90),
(1814, 'IP3B', '', '', 0, 0, 15, '2023-10-23 07:19:23', 0, 90),
(1815, 'IR3B', '', '', 0, 0, 15, '2023-10-23 07:19:23', 0, 90),
(1816, 'IP3C', '', '', 0, 0, 15, '2023-10-23 07:19:23', 0, 90),
(1817, 'IR3C', '', '', 0, 0, 15, '2023-10-23 07:19:23', 0, 90),
(1818, 'IP3D', '', '', 0, 0, 15, '2023-10-23 07:19:23', 0, 90),
(1819, 'IR3D', '', '', 0, 0, 15, '2023-10-23 07:19:23', 0, 90),
(1820, 'IR3E', '', '', 0, 0, 15, '2023-10-23 07:19:23', 0, 90),
(1821, 'IR3F', '', '', 0, 0, 15, '2023-10-23 07:19:23', 0, 90),
(1822, 'IP2A', '', '', 0, 0, 15, '2023-10-23 07:19:23', 0, 90),
(1823, 'IR2A', '', '', 0, 0, 15, '2023-10-23 07:19:23', 0, 90),
(1824, 'IP2B', '', '', 0, 0, 15, '2023-10-23 07:19:23', 0, 90),
(1825, 'IR2B', '', '', 0, 0, 15, '2023-10-23 07:19:23', 0, 90),
(1826, 'IP2C', '', '', 0, 0, 15, '2023-10-23 07:19:23', 0, 90),
(1827, 'IR2C', '', '', 0, 0, 15, '2023-10-23 07:19:23', 0, 90),
(1828, 'IP2D', '', '', 0, 0, 15, '2023-10-23 07:19:23', 0, 90),
(1829, 'IR2D', '', '', 0, 0, 15, '2023-10-23 07:19:23', 0, 90),
(1830, 'IR2E', '', '', 0, 0, 15, '2023-10-23 07:19:23', 0, 90),
(1831, 'IR2F', '', '', 0, 0, 15, '2023-10-23 07:19:23', 0, 90),
(1832, 'IP1A', '', '', 0, 0, 15, '2023-10-23 07:19:23', 0, 90),
(1833, 'IR1A', '', '', 0, 0, 15, '2023-10-23 07:19:23', 0, 90),
(1834, 'IP1B', '', '', 0, 0, 15, '2023-10-23 07:19:23', 0, 90),
(1835, 'IR1B', '', '', 0, 0, 15, '2023-10-23 07:19:23', 0, 90),
(1836, 'IP1C', '', '', 0, 0, 15, '2023-10-23 07:19:23', 0, 90),
(1837, 'IR1C', '', '', 0, 0, 15, '2023-10-23 07:19:23', 0, 90),
(1838, 'IP1D', '', '', 0, 0, 15, '2023-10-23 07:19:23', 0, 90),
(1839, 'IR1D', '', '', 0, 0, 15, '2023-10-23 07:19:23', 0, 90),
(1840, 'IR1E', '', '', 0, 0, 15, '2023-10-23 07:19:23', 0, 90),
(1841, 'IR1F', '', '', 0, 0, 15, '2023-10-23 07:19:23', 0, 90),
(1842, 'IR1G', '', '', 0, 0, 15, '2023-10-23 07:19:23', 0, 90),
(1843, 'IP10A', '', '', 0, 0, 15, '2023-10-23 07:19:23', 0, 90),
(1844, 'IR10A', '', '', 0, 0, 15, '2023-10-23 07:19:23', 0, 90),
(1845, 'IP10B', '', '', 0, 0, 15, '2023-10-23 07:19:23', 0, 90),
(1846, 'IR10B', '', '', 0, 0, 15, '2023-10-23 07:19:23', 0, 90),
(1847, 'IP10C', '', '', 0, 0, 15, '2023-10-23 07:19:23', 0, 90),
(1848, 'IR10C', '', '', 0, 0, 15, '2023-10-23 07:19:23', 0, 90),
(1849, 'IP10D', '', '', 0, 0, 15, '2023-10-23 07:19:23', 0, 90),
(1850, 'IR10D', '', '', 0, 0, 15, '2023-10-23 07:19:23', 0, 90),
(1851, 'IP9A', '', '', 0, 0, 15, '2023-10-23 07:19:23', 0, 90),
(1852, 'IR9A', '', '', 0, 0, 15, '2023-10-23 07:19:23', 0, 90),
(1853, 'IP9B', '', '', 0, 0, 15, '2023-10-23 07:19:23', 0, 90),
(1854, 'IR9B', '', '', 0, 0, 15, '2023-10-23 07:19:23', 0, 90),
(1855, 'IP9C', '', '', 0, 0, 15, '2023-10-23 07:19:23', 0, 90),
(1856, 'IR9C', '', '', 0, 0, 15, '2023-10-23 07:19:23', 0, 90),
(1857, 'IP9D', '', '', 0, 0, 15, '2023-10-23 07:19:23', 0, 90),
(1858, 'IR9D', '', '', 0, 0, 15, '2023-10-23 07:19:23', 0, 90),
(1859, 'IP8A', '', '', 0, 0, 15, '2023-10-23 07:19:23', 0, 90),
(1860, 'IR8A', '', '', 0, 0, 15, '2023-10-23 07:19:23', 0, 90),
(1861, 'IP8B', '', '', 0, 0, 15, '2023-10-23 07:19:23', 0, 90),
(1862, 'IR8B', '', '', 0, 0, 15, '2023-10-23 07:19:23', 0, 90),
(1863, 'IP8C', '', '', 0, 0, 15, '2023-10-23 07:19:23', 0, 90),
(1864, 'IR8C', '', '', 0, 0, 15, '2023-10-23 07:19:23', 0, 90),
(1865, 'IP8D', '', '', 0, 0, 15, '2023-10-23 07:19:23', 0, 90),
(1866, 'IR8D', '', '', 0, 0, 15, '2023-10-23 07:19:23', 0, 90),
(1867, 'IP7A', '', '', 0, 0, 15, '2023-10-23 07:19:23', 0, 90),
(1868, 'IR7A', '', '', 0, 0, 15, '2023-10-23 07:19:23', 0, 90),
(1869, 'IP7B', '', '', 0, 0, 15, '2023-10-23 07:19:23', 0, 90),
(1870, 'IR7B', '', '', 0, 0, 15, '2023-10-23 07:19:23', 0, 90),
(1871, 'IP7C', '', '', 0, 0, 15, '2023-10-23 07:19:23', 0, 90),
(1872, 'IR7C', '', '', 0, 0, 15, '2023-10-23 07:19:23', 0, 90),
(1873, 'IP7D', '', '', 0, 0, 15, '2023-10-23 07:19:23', 0, 90),
(1874, 'IR7D', '', '', 0, 0, 15, '2023-10-23 07:19:23', 0, 90),
(1875, 'IP6A', '', '', 0, 0, 15, '2023-10-23 07:19:23', 0, 90),
(1876, 'IR6A', '', '', 0, 0, 15, '2023-10-23 07:19:23', 0, 90),
(1877, 'IP6B', '', '', 0, 0, 15, '2023-10-23 07:19:23', 0, 90),
(1878, 'IR6B', '', '', 0, 0, 15, '2023-10-23 07:19:23', 0, 90),
(1879, 'IP6C', '', '', 0, 0, 15, '2023-10-23 07:19:23', 0, 90),
(1880, 'IR6C', '', '', 0, 0, 15, '2023-10-23 07:19:23', 0, 90),
(1881, 'IP6D', '', '', 0, 0, 15, '2023-10-23 07:19:23', 0, 90),
(1882, 'IR6D', '', '', 0, 0, 15, '2023-10-23 07:19:23', 0, 90),
(1883, 'IR6E', '', '', 0, 0, 15, '2023-10-23 07:19:23', 0, 90),
(1884, 'IR6F', '', '', 0, 0, 15, '2023-10-23 07:19:23', 0, 90),
(1885, 'JP3A', '', '', 0, 0, 15, '2023-10-23 07:19:23', 0, 90),
(1886, 'JR3A', '', '', 0, 0, 15, '2023-10-23 07:19:23', 0, 90),
(1887, 'JP3B', '', '', 0, 0, 15, '2023-10-23 07:19:23', 0, 90),
(1888, 'JR3B', '', '', 0, 0, 15, '2023-10-23 07:19:23', 0, 90),
(1889, 'JP3C', '', '', 0, 0, 15, '2023-10-23 07:19:23', 0, 90),
(1890, 'JR3C', '', '', 0, 0, 15, '2023-10-23 07:19:23', 0, 90),
(1891, 'JP3D', '', '', 0, 0, 15, '2023-10-23 07:19:23', 0, 90),
(1892, 'JR3D', '', '', 0, 0, 15, '2023-10-23 07:19:23', 0, 90),
(1893, 'JR3E', '', '', 0, 0, 15, '2023-10-23 07:19:23', 0, 90),
(1894, 'JR3F', '', '', 0, 0, 15, '2023-10-23 07:19:23', 0, 90),
(1895, 'JP2A', '', '', 0, 0, 15, '2023-10-23 07:19:23', 0, 90),
(1896, 'JR2A', '', '', 0, 0, 15, '2023-10-23 07:19:23', 0, 90),
(1897, 'JP2B', '', '', 0, 0, 15, '2023-10-23 07:19:23', 0, 90),
(1898, 'JR2B', '', '', 0, 0, 15, '2023-10-23 07:19:23', 0, 90),
(1899, 'JP2C', '', '', 0, 0, 15, '2023-10-23 07:19:23', 0, 90),
(1900, 'JR2C', '', '', 0, 0, 15, '2023-10-23 07:19:23', 0, 90),
(1901, 'JP2D', '', '', 0, 0, 15, '2023-10-23 07:19:23', 0, 90),
(1902, 'JR2D', '', '', 0, 0, 15, '2023-10-23 07:19:23', 0, 90),
(1903, 'JR2E', '', '', 0, 0, 15, '2023-10-23 07:19:23', 0, 90),
(1904, 'JR2F', '', '', 0, 0, 15, '2023-10-23 07:19:23', 0, 90),
(1905, 'JP1A', '', '', 0, 0, 15, '2023-10-23 07:19:23', 0, 90),
(1906, 'JR1A', '', '', 0, 0, 15, '2023-10-23 07:19:23', 0, 90),
(1907, 'JP1B', '', '', 0, 0, 15, '2023-10-23 07:19:23', 0, 90),
(1908, 'JR1B', '', '', 0, 0, 15, '2023-10-23 07:19:23', 0, 90),
(1909, 'JP1C', '', '', 0, 0, 15, '2023-10-23 07:19:23', 0, 90),
(1910, 'JR1C', '', '', 0, 0, 15, '2023-10-23 07:19:23', 0, 90),
(1911, 'JP1D', '', '', 0, 0, 15, '2023-10-23 07:19:23', 0, 90),
(1912, 'JR1D', '', '', 0, 0, 15, '2023-10-23 07:19:23', 0, 90),
(1913, 'JR1E', '', '', 0, 0, 15, '2023-10-23 07:19:23', 0, 90),
(1914, 'JR1F', '', '', 0, 0, 15, '2023-10-23 07:19:23', 0, 90),
(1915, 'JP8A', '', '', 0, 0, 15, '2023-10-23 07:19:23', 0, 90),
(1916, 'JR8A', '', '', 0, 0, 15, '2023-10-23 07:19:23', 0, 90),
(1917, 'JP8B', '', '', 0, 0, 15, '2023-10-23 07:19:23', 0, 90),
(1918, 'JR8B', '', '', 0, 0, 15, '2023-10-23 07:19:23', 0, 90),
(1919, 'JP8C', '', '', 0, 0, 15, '2023-10-23 07:19:23', 0, 90),
(1920, 'JR8C', '', '', 0, 0, 15, '2023-10-23 07:19:23', 0, 90),
(1921, 'JP8D', '', '', 0, 0, 15, '2023-10-23 07:19:23', 0, 90),
(1922, 'JR8D', '', '', 0, 0, 15, '2023-10-23 07:19:23', 0, 90),
(1923, 'JP7A', '', '', 0, 0, 15, '2023-10-23 07:19:23', 0, 90),
(1924, 'JR7A', '', '', 0, 0, 15, '2023-10-23 07:19:23', 0, 90),
(1925, 'JP7B', '', '', 0, 0, 15, '2023-10-23 07:19:23', 0, 90),
(1926, 'JR7B', '', '', 0, 0, 15, '2023-10-23 07:19:23', 0, 90),
(1927, 'JP7C', '', '', 0, 0, 15, '2023-10-23 07:19:23', 0, 90),
(1928, 'JR7C', '', '', 0, 0, 15, '2023-10-23 07:19:23', 0, 90),
(1929, 'JP7D', '', '', 0, 0, 15, '2023-10-23 07:19:23', 0, 90),
(1930, 'JR7D', '', '', 0, 0, 15, '2023-10-23 07:19:23', 0, 90),
(1931, 'JP6A', '', '', 0, 0, 15, '2023-10-23 07:19:23', 0, 90),
(1932, 'JR6A', '', '', 0, 0, 15, '2023-10-23 07:19:23', 0, 90),
(1933, 'JP6B', '', '', 0, 0, 15, '2023-10-23 07:19:23', 0, 90),
(1934, 'JR6B', '', '', 0, 0, 15, '2023-10-23 07:19:23', 0, 90),
(1935, 'JP6C', '', '', 0, 0, 15, '2023-10-23 07:19:23', 0, 90),
(1936, 'JR6C', '', '', 0, 0, 15, '2023-10-23 07:19:23', 0, 90),
(1937, 'JP6D', '', '', 0, 0, 15, '2023-10-23 07:19:23', 0, 90),
(1938, 'JR6D', '', '', 0, 0, 15, '2023-10-23 07:19:23', 0, 90),
(1939, 'JP5A', '', '', 0, 0, 15, '2023-10-23 07:19:23', 0, 90),
(1940, 'JR5A', '', '', 0, 0, 15, '2023-10-23 07:19:23', 0, 90),
(1941, 'JP5B', '', '', 0, 0, 15, '2023-10-23 07:19:23', 0, 90),
(1942, 'JR5B', '', '', 0, 0, 15, '2023-10-23 07:19:23', 0, 90),
(1943, 'JP5C', '', '', 0, 0, 15, '2023-10-23 07:19:23', 0, 90),
(1944, 'JR5C', '', '', 0, 0, 15, '2023-10-23 07:19:23', 0, 90),
(1945, 'JP5D', '', '', 0, 0, 15, '2023-10-23 07:19:23', 0, 90),
(1946, 'JR5D', '', '', 0, 0, 15, '2023-10-23 07:19:23', 0, 90),
(1947, 'JP4A', '', '', 0, 0, 15, '2023-10-23 07:19:23', 0, 90),
(1948, 'JR4A', '', '', 0, 0, 15, '2023-10-23 07:19:23', 0, 90),
(1949, 'JP4B', '', '', 0, 0, 15, '2023-10-23 07:19:23', 0, 90),
(1950, 'JR4B', '', '', 0, 0, 15, '2023-10-23 07:19:23', 0, 90),
(1951, 'JP4C', '', '', 0, 0, 15, '2023-10-23 07:19:23', 0, 90),
(1952, 'JR4C', '', '', 0, 0, 15, '2023-10-23 07:19:23', 0, 90),
(1953, 'JP4D', '', '', 0, 0, 15, '2023-10-23 07:19:23', 0, 90),
(1954, 'JR4D', '', '', 0, 0, 15, '2023-10-23 07:19:23', 0, 90),
(1955, 'JR4E', '', '', 0, 0, 15, '2023-10-23 07:19:23', 0, 90),
(1956, 'JR4F', '', '', 0, 0, 15, '2023-10-23 07:19:23', 0, 90),
(1957, 'KP1A', '', '', 0, 0, 15, '2023-10-23 07:19:23', 0, 90),
(1958, 'KP1B', '', '', 0, 0, 15, '2023-10-23 07:19:23', 0, 90),
(1959, 'KP1C', '', '', 0, 0, 15, '2023-10-23 07:19:23', 0, 90),
(1960, 'KP1D', '', '', 0, 0, 15, '2023-10-23 07:19:23', 0, 90),
(1961, 'KP2A', '', '', 0, 0, 15, '2023-10-23 07:19:23', 0, 90),
(1962, 'KP2B', '', '', 0, 0, 15, '2023-10-23 07:19:23', 0, 90),
(1963, 'KP2C', '', '', 0, 0, 15, '2023-10-23 07:19:23', 0, 90),
(1964, 'KP2D', '', '', 0, 0, 15, '2023-10-23 07:19:23', 0, 90),
(1965, 'KP3A', '', '', 0, 0, 15, '2023-10-23 07:19:23', 0, 90),
(1966, 'KP3B', '', '', 0, 0, 15, '2023-10-23 07:19:23', 0, 90),
(1967, 'KP3C', '', '', 0, 0, 15, '2023-10-23 07:19:23', 0, 90),
(1968, 'KP3D', '', '', 0, 0, 15, '2023-10-23 07:19:23', 0, 90),
(1969, 'KP4A', '', '', 0, 0, 15, '2023-10-23 07:19:23', 0, 90),
(1970, 'KP4B', '', '', 0, 0, 15, '2023-10-23 07:19:23', 0, 90),
(1971, 'KP4C', '', '', 0, 0, 15, '2023-10-23 07:19:23', 0, 90),
(1972, 'KP4D', '', '', 0, 0, 15, '2023-10-23 07:19:23', 0, 90),
(1973, 'KP5A', '', '', 0, 0, 15, '2023-10-23 07:19:23', 0, 90),
(1974, 'KP5B', '', '', 0, 0, 15, '2023-10-23 07:19:23', 0, 90),
(1975, 'KP5C', '', '', 0, 0, 15, '2023-10-23 07:19:23', 0, 90),
(1976, 'KP5D', '', '', 0, 0, 15, '2023-10-23 07:19:23', 0, 90),
(1977, 'KR1A', '', '', 0, 0, 15, '2023-10-23 07:19:23', 0, 90),
(1978, 'KR1B', '', '', 0, 0, 15, '2023-10-23 07:19:23', 0, 90),
(1979, 'KR1C', '', '', 0, 0, 15, '2023-10-23 07:19:23', 0, 90),
(1980, 'KR1D', '', '', 0, 0, 15, '2023-10-23 07:19:23', 0, 90),
(1981, 'KR1E', '', '', 0, 0, 15, '2023-10-23 07:19:23', 0, 90),
(1982, 'KR1F', '', '', 0, 0, 15, '2023-10-23 07:19:23', 0, 90),
(1983, 'KR2A', '', '', 0, 0, 15, '2023-10-23 07:19:23', 0, 90),
(1984, 'KR2D', '', '', 0, 0, 15, '2023-10-23 07:19:23', 0, 90),
(1985, 'KR2E', '', '', 0, 0, 15, '2023-10-23 07:19:23', 0, 90),
(1986, 'KR2F', '', '', 0, 0, 15, '2023-10-23 07:19:23', 0, 90),
(1987, 'KR3A', '', '', 0, 0, 15, '2023-10-23 07:19:23', 0, 90),
(1988, 'KR3B', '', '', 0, 0, 15, '2023-10-23 07:19:23', 0, 90),
(1989, 'KR3C', '', '', 0, 0, 15, '2023-10-23 07:19:23', 0, 90),
(1990, 'KR3D', '', '', 0, 0, 15, '2023-10-23 07:19:23', 0, 90),
(1991, 'KR3E', '', '', 0, 0, 15, '2023-10-23 07:19:23', 0, 90),
(1992, 'KR3F', '', '', 0, 0, 15, '2023-10-23 07:19:23', 0, 90),
(1993, 'KR3G', '', '', 0, 0, 15, '2023-10-23 07:19:23', 0, 90),
(1994, 'KR4A', '', '', 0, 0, 15, '2023-10-23 07:19:23', 0, 90),
(1995, 'KR4B', '', '', 0, 0, 15, '2023-10-23 07:19:23', 0, 90),
(1996, 'KR4B', '', '', 0, 0, 15, '2023-10-23 07:19:23', 0, 90),
(1997, 'KR4C', '', '', 0, 0, 15, '2023-10-23 07:19:23', 0, 90),
(1998, 'KR4C', '', '', 0, 0, 15, '2023-10-23 07:19:23', 0, 90),
(1999, 'KR4D', '', '', 0, 0, 15, '2023-10-23 07:19:23', 0, 90),
(2000, 'KR4D', '', '', 0, 0, 15, '2023-10-23 07:19:23', 0, 90),
(2001, 'KR4G', '', '', 0, 0, 15, '2023-10-23 07:19:23', 0, 90),
(2002, 'KR4H', '', '', 0, 0, 15, '2023-10-23 07:19:23', 0, 90),
(2003, 'KR5B', '', '', 0, 0, 15, '2023-10-23 07:19:23', 0, 90),
(2004, 'KR6A', '', '', 0, 0, 15, '2023-10-23 07:19:23', 0, 90),
(2005, 'KR6B', '', '', 0, 0, 15, '2023-10-23 07:19:23', 0, 90),
(2006, 'KR6C', '', '', 0, 0, 15, '2023-10-23 07:19:23', 0, 90),
(2007, 'KR6D', '', '', 0, 0, 15, '2023-10-23 07:19:23', 0, 90),
(2008, 'LP4A', '', '', 0, 0, 15, '2023-10-23 07:19:23', 0, 90),
(2009, 'LR4A', '', '', 0, 0, 15, '2023-10-23 07:19:23', 0, 90),
(2010, 'LP4B', '', '', 0, 0, 15, '2023-10-23 07:19:23', 0, 90),
(2011, 'LR4B', '', '', 0, 0, 15, '2023-10-23 07:19:23', 0, 90),
(2012, 'LP4C', '', '', 0, 0, 15, '2023-10-23 07:19:23', 0, 90),
(2013, 'LR4C', '', '', 0, 0, 15, '2023-10-23 07:19:23', 0, 90),
(2014, 'LP4D', '', '', 0, 0, 15, '2023-10-23 07:19:23', 0, 90),
(2015, 'LR4D', '', '', 0, 0, 15, '2023-10-23 07:19:23', 0, 90),
(2016, 'LP5A', '', '', 0, 0, 15, '2023-10-23 07:19:23', 0, 90),
(2017, 'LR5A', '', '', 0, 0, 15, '2023-10-23 07:19:23', 0, 90),
(2018, 'LP5B', '', '', 0, 0, 15, '2023-10-23 07:19:23', 0, 90),
(2019, 'LR5B', '', '', 0, 0, 15, '2023-10-23 07:19:23', 0, 90),
(2020, 'LP5C', '', '', 0, 0, 15, '2023-10-23 07:19:23', 0, 90),
(2021, 'LR5C', '', '', 0, 0, 15, '2023-10-23 07:19:23', 0, 90),
(2022, 'LP5D', '', '', 0, 0, 15, '2023-10-23 07:19:23', 0, 90),
(2023, 'LR5D', '', '', 0, 0, 15, '2023-10-23 07:19:23', 0, 90),
(2024, 'LP3A', '', '', 0, 0, 15, '2023-10-23 07:19:23', 0, 90),
(2025, 'LR3A', '', '', 0, 0, 15, '2023-10-23 07:19:23', 0, 90),
(2026, 'LP3B', '', '', 0, 0, 15, '2023-10-23 07:19:23', 0, 90),
(2027, 'LR3B', '', '', 0, 0, 15, '2023-10-23 07:19:23', 0, 90),
(2028, 'LP3C', '', '', 0, 0, 15, '2023-10-23 07:19:23', 0, 90),
(2029, 'LR3C', '', '', 0, 0, 15, '2023-10-23 07:19:23', 0, 90),
(2030, 'LP3D', '', '', 0, 0, 15, '2023-10-23 07:19:23', 0, 90),
(2031, 'LR3D', '', '', 0, 0, 15, '2023-10-23 07:19:23', 0, 90),
(2032, 'LP2A', '', '', 0, 0, 15, '2023-10-23 07:19:23', 0, 90),
(2033, 'LR2A', '', '', 0, 0, 15, '2023-10-23 07:19:23', 0, 90),
(2034, 'LP2B', '', '', 0, 0, 15, '2023-10-23 07:19:23', 0, 90),
(2035, 'LR2B', '', '', 0, 0, 15, '2023-10-23 07:19:23', 0, 90),
(2036, 'LP2C', '', '', 0, 0, 15, '2023-10-23 07:19:23', 0, 90),
(2037, 'LR2C', '', '', 0, 0, 15, '2023-10-23 07:19:23', 0, 90),
(2038, 'LP2D', '', '', 0, 0, 15, '2023-10-23 07:19:23', 0, 90),
(2039, 'LR2D', '', '', 0, 0, 15, '2023-10-23 07:19:23', 0, 90),
(2040, 'LP1A', '', '', 0, 0, 15, '2023-10-23 07:19:23', 0, 90),
(2041, 'LR1A', '', '', 0, 0, 15, '2023-10-23 07:19:23', 0, 90),
(2042, 'LP1B', '', '', 0, 0, 15, '2023-10-23 07:19:23', 0, 90),
(2043, 'LR1B', '', '', 0, 0, 15, '2023-10-23 07:19:23', 0, 90),
(2044, 'LP1C', '', '', 0, 0, 15, '2023-10-23 07:19:23', 0, 90),
(2045, 'LR1C', '', '', 0, 0, 15, '2023-10-23 07:19:23', 0, 90),
(2046, 'LP1D', '', '', 0, 0, 15, '2023-10-23 07:19:23', 0, 90),
(2047, 'LR1D', '', '', 0, 0, 15, '2023-10-23 07:19:23', 0, 90),
(2048, 'LP6A', '', '', 0, 0, 15, '2023-10-23 07:19:23', 0, 90),
(2049, 'LR6A', '', '', 0, 0, 15, '2023-10-23 07:19:23', 0, 90),
(2050, 'LP6B', '', '', 0, 0, 15, '2023-10-23 07:19:23', 0, 90),
(2051, 'LR6B', '', '', 0, 0, 15, '2023-10-23 07:19:23', 0, 90),
(2052, 'LP6C', '', '', 0, 0, 15, '2023-10-23 07:19:23', 0, 90),
(2053, 'LR6C', '', '', 0, 0, 15, '2023-10-23 07:19:23', 0, 90),
(2054, 'LP6D', '', '', 0, 0, 15, '2023-10-23 07:19:23', 0, 90),
(2055, 'LR6D', '', '', 0, 0, 15, '2023-10-23 07:19:23', 0, 90),
(2056, 'LP11A', '', '', 0, 0, 15, '2023-10-23 07:19:23', 0, 90),
(2057, 'LR11A', '', '', 0, 0, 15, '2023-10-23 07:19:23', 0, 90),
(2058, 'LP11B', '', '', 0, 0, 15, '2023-10-23 07:19:23', 0, 90),
(2059, 'LR11B', '', '', 0, 0, 15, '2023-10-23 07:19:23', 0, 90),
(2060, 'LP11C', '', '', 0, 0, 15, '2023-10-23 07:19:23', 0, 90),
(2061, 'LR11C', '', '', 0, 0, 15, '2023-10-23 07:19:23', 0, 90),
(2062, 'LP11D', '', '', 0, 0, 15, '2023-10-23 07:19:23', 0, 90),
(2063, 'LR11D', '', '', 0, 0, 15, '2023-10-23 07:19:23', 0, 90),
(2064, 'LP12A', '', '', 0, 0, 15, '2023-10-23 07:19:23', 0, 90),
(2065, 'LR12A', '', '', 0, 0, 15, '2023-10-23 07:19:23', 0, 90),
(2066, 'LP12B', '', '', 0, 0, 15, '2023-10-23 07:19:23', 0, 90),
(2067, 'LR12B', '', '', 0, 0, 15, '2023-10-23 07:19:23', 0, 90),
(2068, 'LP12C', '', '', 0, 0, 15, '2023-10-23 07:19:23', 0, 90),
(2069, 'LR12C', '', '', 0, 0, 15, '2023-10-23 07:19:23', 0, 90),
(2070, 'LP12D', '', '', 0, 0, 15, '2023-10-23 07:19:23', 0, 90),
(2071, 'LR12D', '', '', 0, 0, 15, '2023-10-23 07:19:23', 0, 90),
(2072, 'LP13A', '', '', 0, 0, 15, '2023-10-23 07:19:23', 0, 90),
(2073, 'LR13A', '', '', 0, 0, 15, '2023-10-23 07:19:23', 0, 90),
(2074, 'LP13B', '', '', 0, 0, 15, '2023-10-23 07:19:23', 0, 90),
(2075, 'LR13B', '', '', 0, 0, 15, '2023-10-23 07:19:23', 0, 90),
(2076, 'LP13C', '', '', 0, 0, 15, '2023-10-23 07:19:23', 0, 90),
(2077, 'LR13C', '', '', 0, 0, 15, '2023-10-23 07:19:23', 0, 90),
(2078, 'LP13D', '', '', 0, 0, 15, '2023-10-23 07:19:23', 0, 90),
(2079, 'LR13D', '', '', 0, 0, 15, '2023-10-23 07:19:23', 0, 90),
(2080, 'LP10A', '', '', 0, 0, 15, '2023-10-23 07:19:23', 0, 90),
(2081, 'LR10A', '', '', 0, 0, 15, '2023-10-23 07:19:23', 0, 90),
(2082, 'LP10B', '', '', 0, 0, 15, '2023-10-23 07:19:23', 0, 90),
(2083, 'LR10B', '', '', 0, 0, 15, '2023-10-23 07:19:23', 0, 90),
(2084, 'LP10C', '', '', 0, 0, 15, '2023-10-23 07:19:23', 0, 90),
(2085, 'LR10C', '', '', 0, 0, 15, '2023-10-23 07:19:23', 0, 90),
(2086, 'LP10D', '', '', 0, 0, 15, '2023-10-23 07:19:23', 0, 90),
(2087, 'LR10D', '', '', 0, 0, 15, '2023-10-23 07:19:23', 0, 90),
(2088, 'LP8A', '', '', 0, 0, 15, '2023-10-23 07:19:23', 0, 90),
(2089, 'LR8A', '', '', 0, 0, 15, '2023-10-23 07:19:23', 0, 90),
(2090, 'LP8B', '', '', 0, 0, 15, '2023-10-23 07:19:23', 0, 90),
(2091, 'LR8B', '', '', 0, 0, 15, '2023-10-23 07:19:23', 0, 90),
(2092, 'LP8C', '', '', 0, 0, 15, '2023-10-23 07:19:23', 0, 90),
(2093, 'LR8C', '', '', 0, 0, 15, '2023-10-23 07:19:23', 0, 90),
(2094, 'LP8D', '', '', 0, 0, 15, '2023-10-23 07:19:23', 0, 90),
(2095, 'LR8D', '', '', 0, 0, 15, '2023-10-23 07:19:23', 0, 90),
(2096, 'LP7A', '', '', 0, 0, 15, '2023-10-23 07:19:23', 0, 90),
(2097, 'LR7A', '', '', 0, 0, 15, '2023-10-23 07:19:23', 0, 90),
(2098, 'LP7B', '', '', 0, 0, 15, '2023-10-23 07:19:23', 0, 90),
(2099, 'LR7B', '', '', 0, 0, 15, '2023-10-23 07:19:23', 0, 90),
(2100, 'LP7C', '', '', 0, 0, 15, '2023-10-23 07:19:23', 0, 90),
(2101, 'LR7C', '', '', 0, 0, 15, '2023-10-23 07:19:23', 0, 90),
(2102, 'LP7D', '', '', 0, 0, 15, '2023-10-23 07:19:23', 0, 90),
(2103, 'LR7D', '', '', 0, 0, 15, '2023-10-23 07:19:23', 0, 90),
(2104, 'LP9A', '', '', 0, 0, 15, '2023-10-23 07:19:23', 0, 90),
(2105, 'LR9A', '', '', 0, 0, 15, '2023-10-23 07:19:23', 0, 90),
(2106, 'LP9B', '', '', 0, 0, 15, '2023-10-23 07:19:23', 0, 90),
(2107, 'LR9B', '', '', 0, 0, 15, '2023-10-23 07:19:23', 0, 90),
(2108, 'LP9C', '', '', 0, 0, 15, '2023-10-23 07:19:23', 0, 90),
(2109, 'LR9C', '', '', 0, 0, 15, '2023-10-23 07:19:23', 0, 90),
(2110, 'LP9D', '', '', 0, 0, 15, '2023-10-23 07:19:23', 0, 90),
(2111, 'LR9D', '', '', 0, 0, 15, '2023-10-23 07:19:23', 0, 90),
(2112, 'DIT 10', '', '', 0, 0, 15, '2023-10-23 07:19:23', 0, 90),
(2113, 'DIT 3', '', '', 0, 0, 15, '2023-10-23 07:19:23', 0, 90),
(2114, 'DIT 4', '', '', 0, 0, 15, '2023-10-23 07:19:23', 0, 90),
(2115, 'DIT 5', '', '', 0, 0, 15, '2023-10-23 07:19:23', 0, 90),
(2116, 'DIT 6', '', '', 0, 0, 15, '2023-10-23 07:19:23', 0, 90),
(2117, 'DIT 7', '', '', 0, 0, 15, '2023-10-23 07:19:23', 0, 90),
(2118, 'DIT 8', '', '', 0, 0, 15, '2023-10-23 07:19:23', 0, 90),
(2119, 'DIT 9', '', '', 0, 0, 15, '2023-10-23 07:19:23', 0, 90),
(2120, 'M10A', '', '', 0, 0, 15, '2023-10-23 07:19:23', 0, 90),
(2121, 'M10B', '', '', 0, 0, 15, '2023-10-23 07:19:23', 0, 90),
(2122, 'M10C', '', '', 0, 0, 15, '2023-10-23 07:19:23', 0, 90),
(2123, 'M10D', '', '', 0, 0, 15, '2023-10-23 07:19:23', 0, 90),
(2124, 'M11A', '', '', 0, 0, 15, '2023-10-23 07:19:23', 0, 90),
(2125, 'M11B', '', '', 0, 0, 15, '2023-10-23 07:19:23', 0, 90),
(2126, 'M11C', '', '', 0, 0, 15, '2023-10-23 07:19:23', 0, 90),
(2127, 'M11D', '', '', 0, 0, 15, '2023-10-23 07:19:23', 0, 90),
(2128, 'M11E', '', '', 0, 0, 15, '2023-10-23 07:19:23', 0, 90),
(2129, 'M12A', '', '', 0, 0, 15, '2023-10-23 07:19:23', 0, 90),
(2130, 'M12B', '', '', 0, 0, 15, '2023-10-23 07:19:23', 0, 90),
(2131, 'M12C', '', '', 0, 0, 15, '2023-10-23 07:19:23', 0, 90),
(2132, 'M12D', '', '', 0, 0, 15, '2023-10-23 07:19:23', 0, 90),
(2133, 'M12E', '', '', 0, 0, 15, '2023-10-23 07:19:23', 0, 90),
(2134, 'M12F', '', '', 0, 0, 15, '2023-10-23 07:19:23', 0, 90),
(2135, 'M12G', '', '', 0, 0, 15, '2023-10-23 07:19:23', 0, 90),
(2136, 'M12H', '', '', 0, 0, 15, '2023-10-23 07:19:23', 0, 90),
(2137, 'M1A', '', '', 0, 0, 15, '2023-10-23 07:19:23', 0, 90),
(2138, 'M1B', '', '', 0, 0, 15, '2023-10-23 07:19:23', 0, 90),
(2139, 'M1C', '', '', 0, 0, 15, '2023-10-23 07:19:23', 0, 90),
(2140, 'M1D', '', '', 0, 0, 15, '2023-10-23 07:19:23', 0, 90),
(2141, 'M2A', '', '', 0, 0, 15, '2023-10-23 07:19:23', 0, 90),
(2142, 'M2B', '', '', 0, 0, 15, '2023-10-23 07:19:23', 0, 90),
(2143, 'M2C', '', '', 0, 0, 15, '2023-10-23 07:19:23', 0, 90),
(2144, 'M2D', '', '', 0, 0, 15, '2023-10-23 07:19:23', 0, 90),
(2145, 'M3A', '', '', 0, 0, 15, '2023-10-23 07:19:23', 0, 90),
(2146, 'M3B', '', '', 0, 0, 15, '2023-10-23 07:19:23', 0, 90),
(2147, 'M3C', '', '', 0, 0, 15, '2023-10-23 07:19:23', 0, 90),
(2148, 'M3D', '', '', 0, 0, 15, '2023-10-23 07:19:23', 0, 90),
(2149, 'M4A', '', '', 0, 0, 15, '2023-10-23 07:19:23', 0, 90),
(2150, 'M4B', '', '', 0, 0, 15, '2023-10-23 07:19:23', 0, 90),
(2151, 'M4C', '', '', 0, 0, 15, '2023-10-23 07:19:23', 0, 90),
(2152, 'M5A', '', '', 0, 0, 15, '2023-10-23 07:19:23', 0, 90),
(2153, 'M5B', '', '', 0, 0, 15, '2023-10-23 07:19:23', 0, 90),
(2154, 'M5C', '', '', 0, 0, 15, '2023-10-23 07:19:23', 0, 90),
(2155, 'M5D', '', '', 0, 0, 15, '2023-10-23 07:19:23', 0, 90),
(2156, 'M6A', '', '', 0, 0, 15, '2023-10-23 07:19:23', 0, 90),
(2157, 'M6B', '', '', 0, 0, 15, '2023-10-23 07:19:23', 0, 90),
(2158, 'M6C', '', '', 0, 0, 15, '2023-10-23 07:19:23', 0, 90),
(2159, 'M6D', '', '', 0, 0, 15, '2023-10-23 07:19:23', 0, 90),
(2160, 'M6E', '', '', 0, 0, 15, '2023-10-23 07:19:23', 0, 90),
(2161, 'M7A', '', '', 0, 0, 15, '2023-10-23 07:19:23', 0, 90),
(2162, 'M7B', '', '', 0, 0, 15, '2023-10-23 07:19:23', 0, 90),
(2163, 'M7D', '', '', 0, 0, 15, '2023-10-23 07:19:23', 0, 90),
(2164, 'M8A', '', '', 0, 0, 15, '2023-10-23 07:19:23', 0, 90),
(2165, 'M8B', '', '', 0, 0, 15, '2023-10-23 07:19:23', 0, 90),
(2166, 'M8C', '', '', 0, 0, 15, '2023-10-23 07:19:23', 0, 90),
(2167, 'M8D', '', '', 0, 0, 15, '2023-10-23 07:19:23', 0, 90),
(2168, 'M9A', '', '', 0, 0, 15, '2023-10-23 07:19:23', 0, 90),
(2169, 'M9B', '', '', 0, 0, 15, '2023-10-23 07:19:23', 0, 90),
(2170, 'M9C', '', '', 0, 0, 15, '2023-10-23 07:19:23', 0, 90),
(2171, 'M9D', '', '', 0, 0, 15, '2023-10-23 07:19:23', 0, 90),
(2172, 'NP10A', '', '', 0, 0, 15, '2023-10-23 07:19:23', 0, 90),
(2173, 'NP10B', '', '', 0, 0, 15, '2023-10-23 07:19:23', 0, 90),
(2174, 'NP10C', '', '', 0, 0, 15, '2023-10-23 07:19:23', 0, 90),
(2175, 'NP10D', '', '', 0, 0, 15, '2023-10-23 07:19:23', 0, 90),
(2176, 'NP11A', '', '', 0, 0, 15, '2023-10-23 07:19:23', 0, 90),
(2177, 'NP11B', '', '', 0, 0, 15, '2023-10-23 07:19:23', 0, 90),
(2178, 'NP11C', '', '', 0, 0, 15, '2023-10-23 07:19:23', 0, 90),
(2179, 'NP11D', '', '', 0, 0, 15, '2023-10-23 07:19:23', 0, 90),
(2180, 'NP12A', '', '', 0, 0, 15, '2023-10-23 07:19:23', 0, 90),
(2181, 'NP12B', '', '', 0, 0, 15, '2023-10-23 07:19:23', 0, 90),
(2182, 'NP12C', '', '', 0, 0, 15, '2023-10-23 07:19:23', 0, 90),
(2183, 'NP12D', '', '', 0, 0, 15, '2023-10-23 07:19:23', 0, 90),
(2184, 'NP13A', '', '', 0, 0, 15, '2023-10-23 07:19:23', 0, 90),
(2185, 'NP13B', '', '', 0, 0, 15, '2023-10-23 07:19:23', 0, 90),
(2186, 'NP13C', '', '', 0, 0, 15, '2023-10-23 07:19:23', 0, 90),
(2187, 'NP13D', '', '', 0, 0, 15, '2023-10-23 07:19:23', 0, 90),
(2188, 'NP14A', '', '', 0, 0, 15, '2023-10-23 07:19:23', 0, 90),
(2189, 'NP14B', '', '', 0, 0, 15, '2023-10-23 07:19:23', 0, 90),
(2190, 'NP14C', '', '', 0, 0, 15, '2023-10-23 07:19:23', 0, 90),
(2191, 'NP14D', '', '', 0, 0, 15, '2023-10-23 07:19:23', 0, 90),
(2192, 'NP15A', '', '', 0, 0, 15, '2023-10-23 07:19:23', 0, 90),
(2193, 'NP15B', '', '', 0, 0, 15, '2023-10-23 07:19:23', 0, 90),
(2194, 'NP15C', '', '', 0, 0, 15, '2023-10-23 07:19:23', 0, 90),
(2195, 'NP15D', '', '', 0, 0, 15, '2023-10-23 07:19:23', 0, 90),
(2196, 'NP16A', '', '', 0, 0, 15, '2023-10-23 07:19:23', 0, 90),
(2197, 'NP16B', '', '', 0, 0, 15, '2023-10-23 07:19:23', 0, 90),
(2198, 'NP16C', '', '', 0, 0, 15, '2023-10-23 07:19:23', 0, 90),
(2199, 'NP16D', '', '', 0, 0, 15, '2023-10-23 07:19:23', 0, 90),
(2200, 'NP17A', '', '', 0, 0, 15, '2023-10-23 07:19:23', 0, 90),
(2201, 'NP17B', '', '', 0, 0, 15, '2023-10-23 07:19:23', 0, 90),
(2202, 'NP17C', '', '', 0, 0, 15, '2023-10-23 07:19:23', 0, 90),
(2203, 'NP17D', '', '', 0, 0, 15, '2023-10-23 07:19:23', 0, 90),
(2204, 'NP18A', '', '', 0, 0, 15, '2023-10-23 07:19:23', 0, 90),
(2205, 'NP18B', '', '', 0, 0, 15, '2023-10-23 07:19:23', 0, 90),
(2206, 'NP18C', '', '', 0, 0, 15, '2023-10-23 07:19:23', 0, 90),
(2207, 'NP18D', '', '', 0, 0, 15, '2023-10-23 07:19:23', 0, 90),
(2208, 'NR19A', '', '', 0, 0, 15, '2023-10-23 07:19:23', 0, 90),
(2209, 'NR19B', '', '', 0, 0, 15, '2023-10-23 07:19:23', 0, 90),
(2210, 'NR19C', '', '', 0, 0, 15, '2023-10-23 07:19:23', 0, 90),
(2211, 'NR19D', '', '', 0, 0, 15, '2023-10-23 07:19:23', 0, 90),
(2212, 'NP1A', '', '', 0, 0, 15, '2023-10-23 07:19:23', 0, 90),
(2213, 'NR1A', '', '', 0, 0, 15, '2023-10-23 07:19:23', 0, 90),
(2214, 'NP1B', '', '', 0, 0, 15, '2023-10-23 07:19:23', 0, 90),
(2215, 'NR1B', '', '', 0, 0, 15, '2023-10-23 07:19:23', 0, 90),
(2216, 'NP1C', '', '', 0, 0, 15, '2023-10-23 07:19:23', 0, 90),
(2217, 'NR1C', '', '', 0, 0, 15, '2023-10-23 07:19:23', 0, 90),
(2218, 'NP1D', '', '', 0, 0, 15, '2023-10-23 07:19:23', 0, 90),
(2219, 'NR1D', '', '', 0, 0, 15, '2023-10-23 07:19:23', 0, 90),
(2220, 'NR1E', '', '', 0, 0, 15, '2023-10-23 07:19:23', 0, 90),
(2221, 'NR1F', '', '', 0, 0, 15, '2023-10-23 07:19:23', 0, 90),
(2222, 'NP2A', '', '', 0, 0, 15, '2023-10-23 07:19:23', 0, 90),
(2223, 'NR2A', '', '', 0, 0, 15, '2023-10-23 07:19:23', 0, 90),
(2224, 'NP2B', '', '', 0, 0, 15, '2023-10-23 07:19:23', 0, 90),
(2225, 'NR2B', '', '', 0, 0, 15, '2023-10-23 07:19:23', 0, 90),
(2226, 'NP2C', '', '', 0, 0, 15, '2023-10-23 07:19:23', 0, 90),
(2227, 'NR2C', '', '', 0, 0, 15, '2023-10-23 07:19:23', 0, 90),
(2228, 'NP2D', '', '', 0, 0, 15, '2023-10-23 07:19:23', 0, 90),
(2229, 'NR2D', '', '', 0, 0, 15, '2023-10-23 07:19:23', 0, 90),
(2230, 'NR2E', '', '', 0, 0, 15, '2023-10-23 07:19:23', 0, 90),
(2231, 'NR2G', '', '', 0, 0, 15, '2023-10-23 07:19:23', 0, 90),
(2232, 'NR2F', '', '', 0, 0, 15, '2023-10-23 07:19:23', 0, 90),
(2233, 'NP3A', '', '', 0, 0, 15, '2023-10-23 07:19:23', 0, 90),
(2234, 'NP3B', '', '', 0, 0, 15, '2023-10-23 07:19:23', 0, 90),
(2235, 'NP3C', '', '', 0, 0, 15, '2023-10-23 07:19:23', 0, 90),
(2236, 'NP3D', '', '', 0, 0, 15, '2023-10-23 07:19:23', 0, 90),
(2237, 'NR3E', '', '', 0, 0, 15, '2023-10-23 07:19:23', 0, 90),
(2238, 'NR3F', '', '', 0, 0, 15, '2023-10-23 07:19:23', 0, 90),
(2239, 'NP4A', '', '', 0, 0, 15, '2023-10-23 07:19:23', 0, 90),
(2240, 'NP4B', '', '', 0, 0, 15, '2023-10-23 07:19:23', 0, 90),
(2241, 'NP4C', '', '', 0, 0, 15, '2023-10-23 07:19:23', 0, 90),
(2242, 'NP4D', '', '', 0, 0, 15, '2023-10-23 07:19:23', 0, 90),
(2243, 'NP5A', '', '', 0, 0, 15, '2023-10-23 07:19:23', 0, 90),
(2244, 'NP5B', '', '', 0, 0, 15, '2023-10-23 07:19:23', 0, 90),
(2245, 'NP5C', '', '', 0, 0, 15, '2023-10-23 07:19:23', 0, 90),
(2246, 'NP5D', '', '', 0, 0, 15, '2023-10-23 07:19:23', 0, 90),
(2247, 'NP6A', '', '', 0, 0, 15, '2023-10-23 07:19:23', 0, 90),
(2248, 'NP6B', '', '', 0, 0, 15, '2023-10-23 07:19:23', 0, 90),
(2249, 'NP6C', '', '', 0, 0, 15, '2023-10-23 07:19:23', 0, 90),
(2250, 'NP6D', '', '', 0, 0, 15, '2023-10-23 07:19:23', 0, 90),
(2251, 'NP7A', '', '', 0, 0, 15, '2023-10-23 07:19:23', 0, 90),
(2252, 'NP7B', '', '', 0, 0, 15, '2023-10-23 07:19:23', 0, 90),
(2253, 'NP7C', '', '', 0, 0, 15, '2023-10-23 07:19:23', 0, 90),
(2254, 'NP7D', '', '', 0, 0, 15, '2023-10-23 07:19:23', 0, 90),
(2255, 'NR7E', '', '', 0, 0, 15, '2023-10-23 07:19:23', 0, 90),
(2256, 'NP8A', '', '', 0, 0, 15, '2023-10-23 07:19:23', 0, 90),
(2257, 'NP8B', '', '', 0, 0, 15, '2023-10-23 07:19:23', 0, 90),
(2258, 'NP8C', '', '', 0, 0, 15, '2023-10-23 07:19:23', 0, 90),
(2259, 'NP8D', '', '', 0, 0, 15, '2023-10-23 07:19:23', 0, 90),
(2260, 'NP9A', '', '', 0, 0, 15, '2023-10-23 07:19:23', 0, 90),
(2261, 'NP9B', '', '', 0, 0, 15, '2023-10-23 07:19:23', 0, 90),
(2262, 'NP9C', '', '', 0, 0, 15, '2023-10-23 07:19:23', 0, 90),
(2263, 'NP9D', '', '', 0, 0, 15, '2023-10-23 07:19:23', 0, 90),
(2264, 'OP9A', '', '', 0, 0, 15, '2023-10-23 07:19:23', 0, 90),
(2265, 'OR9A', '', '', 0, 0, 15, '2023-10-23 07:19:23', 0, 90),
(2266, 'OP9B', '', '', 0, 0, 15, '2023-10-23 07:19:23', 0, 90),
(2267, 'OR9B', '', '', 0, 0, 15, '2023-10-23 07:19:23', 0, 90),
(2268, 'OP9C', '', '', 0, 0, 15, '2023-10-23 07:19:23', 0, 90),
(2269, 'OR9C', '', '', 0, 0, 15, '2023-10-23 07:19:23', 0, 90),
(2270, 'OP9D', '', '', 0, 0, 15, '2023-10-23 07:19:23', 0, 90),
(2271, 'OR9D', '', '', 0, 0, 15, '2023-10-23 07:19:23', 0, 90),
(2272, 'OP10A', '', '', 0, 0, 15, '2023-10-23 07:19:23', 0, 90),
(2273, 'OR10A', '', '', 0, 0, 15, '2023-10-23 07:19:23', 0, 90),
(2274, 'OP10B', '', '', 0, 0, 15, '2023-10-23 07:19:23', 0, 90),
(2275, 'OR10B', '', '', 0, 0, 15, '2023-10-23 07:19:23', 0, 90),
(2276, 'OP10C', '', '', 0, 0, 15, '2023-10-23 07:19:23', 0, 90),
(2277, 'OR10C', '', '', 0, 0, 15, '2023-10-23 07:19:23', 0, 90),
(2278, 'OP10D', '', '', 0, 0, 15, '2023-10-23 07:19:23', 0, 90),
(2279, 'OR10D', '', '', 0, 0, 15, '2023-10-23 07:19:23', 0, 90),
(2280, 'OP11A', '', '', 0, 0, 15, '2023-10-23 07:19:23', 0, 90),
(2281, 'OP11B', '', '', 0, 0, 15, '2023-10-23 07:19:23', 0, 90),
(2282, 'OP11C', '', '', 0, 0, 15, '2023-10-23 07:19:23', 0, 90),
(2283, 'OP11D', '', '', 0, 0, 15, '2023-10-23 07:19:23', 0, 90),
(2284, 'OP1A', '', '', 0, 0, 15, '2023-10-23 07:19:23', 0, 90),
(2285, 'OR1A', '', '', 0, 0, 15, '2023-10-23 07:19:23', 0, 90),
(2286, 'OP1B', '', '', 0, 0, 15, '2023-10-23 07:19:23', 0, 90),
(2287, 'OR1B', '', '', 0, 0, 15, '2023-10-23 07:19:23', 0, 90),
(2288, 'OP1C', '', '', 0, 0, 15, '2023-10-23 07:19:23', 0, 90),
(2289, 'OR1C', '', '', 0, 0, 15, '2023-10-23 07:19:23', 0, 90),
(2290, 'OP1D', '', '', 0, 0, 15, '2023-10-23 07:19:23', 0, 90),
(2291, 'OR1D', '', '', 0, 0, 15, '2023-10-23 07:19:23', 0, 90),
(2292, 'OP2A', '', '', 0, 0, 15, '2023-10-23 07:19:23', 0, 90),
(2293, 'OR2A', '', '', 0, 0, 15, '2023-10-23 07:19:23', 0, 90),
(2294, 'OP2B', '', '', 0, 0, 15, '2023-10-23 07:19:23', 0, 90),
(2295, 'OR2B', '', '', 0, 0, 15, '2023-10-23 07:19:23', 0, 90),
(2296, 'OP2C', '', '', 0, 0, 15, '2023-10-23 07:19:23', 0, 90),
(2297, 'OR2C', '', '', 0, 0, 15, '2023-10-23 07:19:23', 0, 90),
(2298, 'OP2D', '', '', 0, 0, 15, '2023-10-23 07:19:23', 0, 90),
(2299, 'OR2D', '', '', 0, 0, 15, '2023-10-23 07:19:23', 0, 90),
(2300, 'OR2E', '', '', 0, 0, 15, '2023-10-23 07:19:23', 0, 90),
(2301, 'OR2F', '', '', 0, 0, 15, '2023-10-23 07:19:23', 0, 90),
(2302, 'OR2G', '', '', 0, 0, 15, '2023-10-23 07:19:23', 0, 90),
(2303, 'OR2H', '', '', 0, 0, 15, '2023-10-23 07:19:23', 0, 90),
(2304, 'OP3A', '', '', 0, 0, 15, '2023-10-23 07:19:23', 0, 90),
(2305, 'OP3B', '', '', 0, 0, 15, '2023-10-23 07:19:23', 0, 90),
(2306, 'OP3C', '', '', 0, 0, 15, '2023-10-23 07:19:23', 0, 90),
(2307, 'OP3D', '', '', 0, 0, 15, '2023-10-23 07:19:23', 0, 90),
(2308, 'OP4A', '', '', 0, 0, 15, '2023-10-23 07:19:23', 0, 90),
(2309, 'OP4B', '', '', 0, 0, 15, '2023-10-23 07:19:23', 0, 90),
(2310, 'OP4C', '', '', 0, 0, 15, '2023-10-23 07:19:23', 0, 90),
(2311, 'OP4D', '', '', 0, 0, 15, '2023-10-23 07:19:23', 0, 90),
(2312, 'OR4E', '', '', 0, 0, 15, '2023-10-23 07:19:23', 0, 90),
(2313, 'OR4F', '', '', 0, 0, 15, '2023-10-23 07:19:23', 0, 90),
(2314, 'OR4G', '', '', 0, 0, 15, '2023-10-23 07:19:23', 0, 90),
(2315, 'OP5A', '', '', 0, 0, 15, '2023-10-23 07:19:23', 0, 90),
(2316, 'OR5A', '', '', 0, 0, 15, '2023-10-23 07:19:23', 0, 90),
(2317, 'OP5B', '', '', 0, 0, 15, '2023-10-23 07:19:23', 0, 90),
(2318, 'OP5B', '', '', 0, 0, 15, '2023-10-23 07:19:23', 0, 90),
(2319, 'OP5C', '', '', 0, 0, 15, '2023-10-23 07:19:23', 0, 90),
(2320, 'OP5D', '', '', 0, 0, 15, '2023-10-23 07:19:23', 0, 90),
(2321, 'OP5D', '', '', 0, 0, 15, '2023-10-23 07:19:23', 0, 90),
(2322, 'OR5D', '', '', 0, 0, 15, '2023-10-23 07:19:23', 0, 90),
(2323, 'OR5D', '', '', 0, 0, 15, '2023-10-23 07:19:23', 0, 90),
(2324, 'OR5C', '', '', 0, 0, 15, '2023-10-23 07:19:23', 0, 90),
(2325, 'OP6A', '', '', 0, 0, 15, '2023-10-23 07:19:23', 0, 90),
(2326, 'OR6A', '', '', 0, 0, 15, '2023-10-23 07:19:23', 0, 90),
(2327, 'OP6B', '', '', 0, 0, 15, '2023-10-23 07:19:23', 0, 90),
(2328, 'OR6B', '', '', 0, 0, 15, '2023-10-23 07:19:23', 0, 90),
(2329, 'OP6C', '', '', 0, 0, 15, '2023-10-23 07:19:23', 0, 90),
(2330, 'OR6C', '', '', 0, 0, 15, '2023-10-23 07:19:23', 0, 90),
(2331, 'OP6D', '', '', 0, 0, 15, '2023-10-23 07:19:23', 0, 90),
(2332, 'OR6D', '', '', 0, 0, 15, '2023-10-23 07:19:23', 0, 90),
(2333, 'OP7D', '', '', 0, 0, 15, '2023-10-23 07:19:23', 0, 90),
(2334, 'OR7D', '', '', 0, 0, 15, '2023-10-23 07:19:23', 0, 90),
(2335, 'OP7C', '', '', 0, 0, 15, '2023-10-23 07:19:23', 0, 90),
(2336, 'OR7C', '', '', 0, 0, 15, '2023-10-23 07:19:23', 0, 90),
(2337, 'OP7B', '', '', 0, 0, 15, '2023-10-23 07:19:23', 0, 90),
(2338, 'OR7B', '', '', 0, 0, 15, '2023-10-23 07:19:23', 0, 90),
(2339, 'OP7A', '', '', 0, 0, 15, '2023-10-23 07:19:23', 0, 90),
(2340, 'OR7A', '', '', 0, 0, 15, '2023-10-23 07:19:23', 0, 90),
(2341, 'OP8D', '', '', 0, 0, 15, '2023-10-23 07:19:23', 0, 90),
(2342, 'OR8D', '', '', 0, 0, 15, '2023-10-23 07:19:23', 0, 90),
(2343, 'OP8C', '', '', 0, 0, 15, '2023-10-23 07:19:23', 0, 90),
(2344, 'OR8C', '', '', 0, 0, 15, '2023-10-23 07:19:23', 0, 90),
(2345, 'OP8B', '', '', 0, 0, 15, '2023-10-23 07:19:23', 0, 90),
(2346, 'OR8B', '', '', 0, 0, 15, '2023-10-23 07:19:23', 0, 90),
(2347, 'OP8A', '', '', 0, 0, 15, '2023-10-23 07:19:23', 0, 90),
(2348, 'OR8A', '', '', 0, 0, 15, '2023-10-23 07:19:23', 0, 90),
(2349, 'OR9A', '', '', 0, 0, 15, '2023-10-23 07:19:23', 0, 90),
(2350, 'OR9B', '', '', 0, 0, 15, '2023-10-23 07:19:23', 0, 90),
(2351, 'TP10A', '', '', 0, 0, 15, '2023-10-23 07:19:23', 0, 90),
(2352, 'TP10B', '', '', 0, 0, 15, '2023-10-23 07:19:23', 0, 90),
(2353, 'TP10C', '', '', 0, 0, 15, '2023-10-23 07:19:23', 0, 90),
(2354, 'TP10D', '', '', 0, 0, 15, '2023-10-23 07:19:23', 0, 90),
(2355, 'TP11A', '', '', 0, 0, 15, '2023-10-23 07:19:23', 0, 90),
(2356, 'TP11B', '', '', 0, 0, 15, '2023-10-23 07:19:23', 0, 90),
(2357, 'TP11C', '', '', 0, 0, 15, '2023-10-23 07:19:23', 0, 90),
(2358, 'TP11D', '', '', 0, 0, 15, '2023-10-23 07:19:23', 0, 90),
(2359, 'TP12A', '', '', 0, 0, 15, '2023-10-23 07:19:23', 0, 90),
(2360, 'TP12B', '', '', 0, 0, 15, '2023-10-23 07:19:23', 0, 90),
(2361, 'TP12C', '', '', 0, 0, 15, '2023-10-23 07:19:23', 0, 90),
(2362, 'TP12D', '', '', 0, 0, 15, '2023-10-23 07:19:23', 0, 90),
(2363, 'TP13A', '', '', 0, 0, 15, '2023-10-23 07:19:23', 0, 90),
(2364, 'TP13B', '', '', 0, 0, 15, '2023-10-23 07:19:23', 0, 90),
(2365, 'TP13C', '', '', 0, 0, 15, '2023-10-23 07:19:23', 0, 90),
(2366, 'TP13D', '', '', 0, 0, 15, '2023-10-23 07:19:23', 0, 90),
(2367, 'TP1A', '', '', 0, 0, 15, '2023-10-23 07:19:23', 0, 90),
(2368, 'TP1B', '', '', 0, 0, 15, '2023-10-23 07:19:23', 0, 90),
(2369, 'TP1C', '', '', 0, 0, 15, '2023-10-23 07:19:23', 0, 90),
(2370, 'TP1D', '', '', 0, 0, 15, '2023-10-23 07:19:23', 0, 90),
(2371, 'TP2A', '', '', 0, 0, 15, '2023-10-23 07:19:23', 0, 90),
(2372, 'TP2B', '', '', 0, 0, 15, '2023-10-23 07:19:23', 0, 90),
(2373, 'TP2C', '', '', 0, 0, 15, '2023-10-23 07:19:23', 0, 90),
(2374, 'TP2D', '', '', 0, 0, 15, '2023-10-23 07:19:23', 0, 90),
(2375, 'TP3A', '', '', 0, 0, 15, '2023-10-23 07:19:23', 0, 90),
(2376, 'TP3B', '', '', 0, 0, 15, '2023-10-23 07:19:23', 0, 90),
(2377, 'TP3C', '', '', 0, 0, 15, '2023-10-23 07:19:23', 0, 90),
(2378, 'TP3C', '', '', 0, 0, 15, '2023-10-23 07:19:23', 0, 90),
(2379, 'TP3D', '', '', 0, 0, 15, '2023-10-23 07:19:23', 0, 90),
(2380, 'TP4A', '', '', 0, 0, 15, '2023-10-23 07:19:23', 0, 90),
(2381, 'TP4B', '', '', 0, 0, 15, '2023-10-23 07:19:23', 0, 90),
(2382, 'TP4C', '', '', 0, 0, 15, '2023-10-23 07:19:23', 0, 90),
(2383, 'TP4D', '', '', 0, 0, 15, '2023-10-23 07:19:23', 0, 90),
(2384, 'TP5A', '', '', 0, 0, 15, '2023-10-23 07:19:23', 0, 90),
(2385, 'TP5B', '', '', 0, 0, 15, '2023-10-23 07:19:23', 0, 90),
(2386, 'TP5C', '', '', 0, 0, 15, '2023-10-23 07:19:23', 0, 90),
(2387, 'TP5D', '', '', 0, 0, 15, '2023-10-23 07:19:23', 0, 90),
(2388, 'TP6A', '', '', 0, 0, 15, '2023-10-23 07:19:23', 0, 90),
(2389, 'TP6B', '', '', 0, 0, 15, '2023-10-23 07:19:23', 0, 90),
(2390, 'TP6C', '', '', 0, 0, 15, '2023-10-23 07:19:23', 0, 90),
(2391, 'TP6D', '', '', 0, 0, 15, '2023-10-23 07:19:23', 0, 90),
(2392, 'TP7A', '', '', 0, 0, 15, '2023-10-23 07:19:23', 0, 90),
(2393, 'TP7B', '', '', 0, 0, 15, '2023-10-23 07:19:23', 0, 90),
(2394, 'TP7C', '', '', 0, 0, 15, '2023-10-23 07:19:23', 0, 90),
(2395, 'TP7D', '', '', 0, 0, 15, '2023-10-23 07:19:23', 0, 90),
(2396, 'TP8A', '', '', 0, 0, 15, '2023-10-23 07:19:23', 0, 90),
(2397, 'TP8B', '', '', 0, 0, 15, '2023-10-23 07:19:23', 0, 90),
(2398, 'TP8C', '', '', 0, 0, 15, '2023-10-23 07:19:23', 0, 90),
(2399, 'TP8D', '', '', 0, 0, 15, '2023-10-23 07:19:23', 0, 90),
(2400, 'TP9A', '', '', 0, 0, 15, '2023-10-23 07:19:23', 0, 90),
(2401, 'TP9B', '', '', 0, 0, 15, '2023-10-23 07:19:23', 0, 90),
(2402, 'TP9C', '', '', 0, 0, 15, '2023-10-23 07:19:23', 0, 90),
(2403, 'TP9D', '', '', 0, 0, 15, '2023-10-23 07:19:23', 0, 90),
(2404, 'TR10A', '', '', 0, 0, 15, '2023-10-23 07:19:23', 0, 90),
(2405, 'TR10B', '', '', 0, 0, 15, '2023-10-23 07:19:23', 0, 90),
(2406, 'TR10C', '', '', 0, 0, 15, '2023-10-23 07:19:23', 0, 90),
(2407, 'TR10D', '', '', 0, 0, 15, '2023-10-23 07:19:23', 0, 90),
(2408, 'TR11A', '', '', 0, 0, 15, '2023-10-23 07:19:23', 0, 90),
(2409, 'TR11B', '', '', 0, 0, 15, '2023-10-23 07:19:23', 0, 90),
(2410, 'TR11C', '', '', 0, 0, 15, '2023-10-23 07:19:23', 0, 90),
(2411, 'TR11D', '', '', 0, 0, 15, '2023-10-23 07:19:23', 0, 90),
(2412, 'TR12A', '', '', 0, 0, 15, '2023-10-23 07:19:23', 0, 90),
(2413, 'TR12B', '', '', 0, 0, 15, '2023-10-23 07:19:23', 0, 90),
(2414, 'TR12C', '', '', 0, 0, 15, '2023-10-23 07:19:23', 0, 90),
(2415, 'TR12D', '', '', 0, 0, 15, '2023-10-23 07:19:23', 0, 90),
(2416, 'TR13A', '', '', 0, 0, 15, '2023-10-23 07:19:23', 0, 90),
(2417, 'TR13B', '', '', 0, 0, 15, '2023-10-23 07:19:23', 0, 90);
INSERT INTO `farm` (`farmID`, `Farm_Name`, `section`, `regime`, `Application`, `rainfall`, `evaporation`, `date`, `age`, `trigger_condition`) VALUES
(2418, 'TR13C', '', '', 0, 0, 15, '2023-10-23 07:19:23', 0, 90),
(2419, 'TR13D', '', '', 0, 0, 15, '2023-10-23 07:19:23', 0, 90),
(2420, 'TR1B', '', '', 0, 0, 15, '2023-10-23 07:19:23', 0, 90),
(2421, 'TR2B', '', '', 0, 0, 15, '2023-10-23 07:19:23', 0, 90),
(2422, 'TR2C', '', '', 0, 0, 15, '2023-10-23 07:19:23', 0, 90),
(2423, 'TR2D', '', '', 0, 0, 15, '2023-10-23 07:19:23', 0, 90),
(2424, 'TR3A', '', '', 0, 0, 15, '2023-10-23 07:19:23', 0, 90),
(2425, 'TR3B', '', '', 0, 0, 15, '2023-10-23 07:19:23', 0, 90),
(2426, 'TR3C', '', '', 0, 0, 15, '2023-10-23 07:19:23', 0, 90),
(2427, 'TR3D', '', '', 0, 0, 15, '2023-10-23 07:19:23', 0, 90),
(2428, 'TR4A', '', '', 0, 0, 15, '2023-10-23 07:19:23', 0, 90),
(2429, 'TR5A', '', '', 0, 0, 15, '2023-10-23 07:19:23', 0, 90),
(2430, 'TR5B', '', '', 0, 0, 15, '2023-10-23 07:19:23', 0, 90),
(2431, 'TR5C', '', '', 0, 0, 15, '2023-10-23 07:19:23', 0, 90),
(2432, 'TR5D', '', '', 0, 0, 15, '2023-10-23 07:19:23', 0, 90),
(2433, 'TR6A', '', '', 0, 0, 15, '2023-10-23 07:19:23', 0, 90),
(2434, 'TR6B', '', '', 0, 0, 15, '2023-10-23 07:19:23', 0, 90),
(2435, 'TR6C', '', '', 0, 0, 15, '2023-10-23 07:19:23', 0, 90),
(2436, 'TR6D', '', '', 0, 0, 15, '2023-10-23 07:19:23', 0, 90),
(2437, 'TR7A', '', '', 0, 0, 15, '2023-10-23 07:19:23', 0, 90),
(2438, 'TR7B', '', '', 0, 0, 15, '2023-10-23 07:19:23', 0, 90),
(2439, 'TR7C', '', '', 0, 0, 15, '2023-10-23 07:19:23', 0, 90),
(2440, 'TR7D', '', '', 0, 0, 15, '2023-10-23 07:19:23', 0, 90),
(2441, 'TR8A', '', '', 0, 0, 15, '2023-10-23 07:19:23', 0, 90),
(2442, 'TR8B', '', '', 0, 0, 15, '2023-10-23 07:19:23', 0, 90),
(2443, 'TR8C', '', '', 0, 0, 15, '2023-10-23 07:19:23', 0, 90),
(2444, 'TR9A', '', '', 0, 0, 15, '2023-10-23 07:19:23', 0, 90),
(2445, 'TR9B', '', '', 0, 0, 15, '2023-10-23 07:19:23', 0, 90),
(2446, 'TR9C', '', '', 0, 0, 15, '2023-10-23 07:19:23', 0, 90),
(2447, '', '', '', 0, 0, 15, '2023-10-23 07:19:23', 0, 0),
(2448, '', '', '', 0, 0, 15, '2023-10-23 07:19:23', 0, 0);

-- --------------------------------------------------------

--
-- Table structure for table `graph`
--

CREATE TABLE `graph` (
  `graph_id` int(100) NOT NULL,
  `section` varchar(100) NOT NULL,
  `pivot` int(100) NOT NULL,
  `semi_solid` int(100) NOT NULL,
  `other_irrigation` int(100) NOT NULL,
  `total_hectors` int(100) NOT NULL,
  `comment` varchar(255) NOT NULL,
  `date` date NOT NULL DEFAULT current_timestamp()
) ENGINE=InnoDB DEFAULT CHARSET=utf8mb4 COLLATE=utf8mb4_general_ci;

--
-- Dumping data for table `graph`
--

INSERT INTO `graph` (`graph_id`, `section`, `pivot`, `semi_solid`, `other_irrigation`, `total_hectors`, `comment`, `date`) VALUES
(3, 'T', 0, 0, 0, 0, 'nop\r\n', '2023-12-22'),
(4, 'B', 78, 67, 54, 90, 'nopeee', '2023-12-23'),
(5, 'D', 89, 45, 45, 221, 'very good', '2023-12-23');

-- --------------------------------------------------------

--
-- Table structure for table `regime`
--

CREATE TABLE `regime` (
  `regime_id` int(100) NOT NULL,
  `name` varchar(100) NOT NULL
) ENGINE=InnoDB DEFAULT CHARSET=utf8mb4 COLLATE=utf8mb4_general_ci;

--
-- Dumping data for table `regime`
--

INSERT INTO `regime` (`regime_id`, `name`) VALUES
(1, 'P'),
(2, 'F'),
(3, 'RS'),
(4, 'S');

-- --------------------------------------------------------

--
-- Table structure for table `section`
--

CREATE TABLE `section` (
  `id` int(100) NOT NULL,
  `country_id` int(100) NOT NULL,
  `section` varchar(100) NOT NULL
) ENGINE=InnoDB DEFAULT CHARSET=utf8mb4 COLLATE=utf8mb4_general_ci;

--
-- Dumping data for table `section`
--

INSERT INTO `section` (`id`, `country_id`, `section`) VALUES
(1, 100, 'K'),
(2, 100, 'T'),
(3, 100, 'F'),
(4, 101, 'E'),
(5, 101, 'D'),
(6, 101, 'M'),
(7, 101, 'C'),
(8, 103, 'A'),
(9, 103, 'B'),
(10, 103, 'G'),
(11, 104, 'O'),
(12, 104, 'H'),
(13, 104, 'I'),
(14, 105, 'J'),
(15, 105, 'N'),
(16, 105, 'L');

-- --------------------------------------------------------

--
-- Table structure for table `state`
--

CREATE TABLE `state` (
  `StCode` int(11) NOT NULL,
  `countryid` int(5) DEFAULT NULL,
  `StateName` varchar(150) DEFAULT NULL
) ENGINE=MyISAM DEFAULT CHARSET=latin1 COLLATE=latin1_swedish_ci;

--
-- Dumping data for table `state`
--

INSERT INTO `state` (`StCode`, `countryid`, `StateName`) VALUES
(100, 1, 'Area 1'),
(101, 1, 'Area 2'),
(103, 2, 'Area 3'),
(104, 2, 'Area 4'),
(105, 2, 'Area 5'),
(106, 3, 'Area A'),
(107, 3, 'Area B');

-- --------------------------------------------------------

--
-- Table structure for table `users`
--

CREATE TABLE `users` (
  `user_id` int(3) NOT NULL,
  `Full Name` varchar(100) NOT NULL,
  `Email` varchar(100) NOT NULL,
  `Designation` varchar(100) NOT NULL,
  `Phone_Number` varchar(12) NOT NULL,
  `Password` varchar(50) NOT NULL
) ENGINE=InnoDB DEFAULT CHARSET=utf8mb4 COLLATE=utf8mb4_general_ci;

--
-- Indexes for dumped tables
--

--
-- Indexes for table `city`
--
ALTER TABLE `city`
  ADD PRIMARY KEY (`id`);

--
-- Indexes for table `countries`
--
ALTER TABLE `countries`
  ADD PRIMARY KEY (`id`);

--
-- Indexes for table `country`
--
ALTER TABLE `country`
  ADD PRIMARY KEY (`id`);

--
-- Indexes for table `farm`
--
ALTER TABLE `farm`
  ADD PRIMARY KEY (`farmID`);

--
-- Indexes for table `graph`
--
ALTER TABLE `graph`
  ADD PRIMARY KEY (`graph_id`);

--
-- Indexes for table `regime`
--
ALTER TABLE `regime`
  ADD PRIMARY KEY (`regime_id`);

--
-- Indexes for table `section`
--
ALTER TABLE `section`
  ADD PRIMARY KEY (`id`),
  ADD KEY `country_id` (`country_id`);

--
-- Indexes for table `state`
--
ALTER TABLE `state`
  ADD PRIMARY KEY (`StCode`);

--
-- Indexes for table `users`
--
ALTER TABLE `users`
  ADD PRIMARY KEY (`user_id`);

--
-- AUTO_INCREMENT for dumped tables
--

--
-- AUTO_INCREMENT for table `city`
--
ALTER TABLE `city`
  MODIFY `id` int(5) NOT NULL AUTO_INCREMENT, AUTO_INCREMENT=17;

--
-- AUTO_INCREMENT for table `countries`
--
ALTER TABLE `countries`
  MODIFY `id` int(11) NOT NULL AUTO_INCREMENT, AUTO_INCREMENT=108;

--
-- AUTO_INCREMENT for table `country`
--
ALTER TABLE `country`
  MODIFY `id` int(5) NOT NULL AUTO_INCREMENT, AUTO_INCREMENT=4;

--
-- AUTO_INCREMENT for table `farm`
--
ALTER TABLE `farm`
  MODIFY `farmID` int(100) NOT NULL AUTO_INCREMENT, AUTO_INCREMENT=2449;

--
-- AUTO_INCREMENT for table `graph`
--
ALTER TABLE `graph`
  MODIFY `graph_id` int(100) NOT NULL AUTO_INCREMENT, AUTO_INCREMENT=6;

--
-- AUTO_INCREMENT for table `regime`
--
ALTER TABLE `regime`
  MODIFY `regime_id` int(100) NOT NULL AUTO_INCREMENT, AUTO_INCREMENT=5;

--
-- AUTO_INCREMENT for table `state`
--
ALTER TABLE `state`
  MODIFY `StCode` int(11) NOT NULL AUTO_INCREMENT, AUTO_INCREMENT=108;

--
-- AUTO_INCREMENT for table `users`
--
ALTER TABLE `users`
  MODIFY `user_id` int(3) NOT NULL AUTO_INCREMENT, AUTO_INCREMENT=6555;

--
-- Constraints for dumped tables
--

--
-- Constraints for table `section`
--
ALTER TABLE `section`
  ADD CONSTRAINT `section_ibfk_1` FOREIGN KEY (`country_id`) REFERENCES `countries` (`id`);
COMMIT;

/*!40101 SET CHARACTER_SET_CLIENT=@OLD_CHARACTER_SET_CLIENT */;
/*!40101 SET CHARACTER_SET_RESULTS=@OLD_CHARACTER_SET_RESULTS */;
/*!40101 SET COLLATION_CONNECTION=@OLD_COLLATION_CONNECTION */;
